Unnamed: 0,2015-02,name_h
0,1,vLgSr80Yp5JGyWXB08Nqqw/TctrIcY-_ptaJ0o_LJiXZA
0,265,tu_WBtEY0PYgZuMUGf8EzA/mPEbeniAFpw71ipaUHs5ZQ
0,217,BbYFPEGiEwr9b8OxWL2k5g/BbYFPEGiEwr9b8OxWL2k5g
0,137,1e_zrJhEPhOaFWois09KUg/coEuMIc0VdzuLOLR7ibkqw
0,55,ty5SGIvQecw8NG7Wwu9XtQ/dYzovyCanZPcxwMJysobkw
0,22,MCGAjiR89Tp1f_tWZw2O2A/fEmxU9S1n4wM-MPhjcgMtw
0,45,6Rxz-0WxNs4djew8UA060A/p0rY36zU-YXrOXdRdhXOJQ
0,54,jsamuNGdKxtIhw4iyR2RRA/RBj0hf6WzlwkofRrQAywgg
0,49,6pmmkGBnWzIHVAa58xDL-Q/6pmmkGBnWzIHVAa58xDL-Q
0,160,hcaTInVuAf1KeiLeVeGXQw/zPV_NOdyJwXEpjgGDUz0Pg
0,7,Qv-cOAVZ-ZF4y1tyHSXqaA/s7snmt9WTt4WZqQjvczNiQ
0,236,hcaTInVuAf1KeiLeVeGXQw/RBww6Oe3FUnlX2QLVHHz6g
0,48,PSWsg5RIjKSfFI9LvZ4pBg/wuKFyzPOzb64PSGJ6YOowA
0,76,NFuKG8SKExLAiEqdsYIgRg/aLANoOsw0qzJxXIIpPkhwQ
0,102,0YuGJKD19yHae4I2X8Vi3Q/0YuGJKD19yHae4I2X8Vi3Q
0,1,IPC0umQ0JmsXErUw7iSl5A/--MiqJvAulMcPwBQ45NfKA
0,63,JmQRRFvmzPwsmhI0ZAEv4w/1Ut7onVxovALOO2Sc7l08g
0,1,m6I8btn0LM3bMXuPs_ay6w/7N5HMzbpwMfeTqEgcm9NxQ
0,38,FAhkB4rsocfDW0vrM8U8NA/VYtUTPaF85005JA-OcOLZw
0,4,ty5SGIvQecw8NG7Wwu9XtQ/iY6WYYfyXBPd1_neFlzf1Q
0,112,j_iEz_GAbgQ_fstv49BaiQ/Ng0hTombiLj-VKJgZowvSA
0,368,PaSB0TP0XR11kL-my7Zlhw/ySKmQcxdwDpJflQJltEhmA
0,101,NfS5AAovmyBX0Y6B3i6sDw/zrIHcuDJ0kDHXrJrDjer7g
0,43,eAFW5HzG3uDCOSI-IgfT7g/RWda1qewoMVuJXocANg2OA
0,348,JsrncYwyGAp6D44Z1tQKWQ/JmoffC4jRRadO8RI2kXq5g
0,920,qDHkhVI986y3pPtfN1M0Ow/ykxQuQXcIeoXoQVJpvWUTw
0,160,fXw5RvENaz6by5XAZzoajA/t26Yr5qqaAl5v1plstWhBQ
0,92,IcwoQJcpVl_BpNLdktsmnw/NNH5H7LlFLhXb6sadaiaaw
0,7695,HCNc-me7o2LzI8jLjZCBww/vLCXdlZFKnrbUv3ohZgadw
0,21,mHb55hvjPUCp_F5yrwBoJw/Fx77wWf5DUlLOxz7pBHuhA
0,29,C04e_MBn1Nuvm543I23NGg/teb6iZfHZ1pceJ9_S7Oc0g
0,209,PhD4yAkkLToPlMGOet24Zg/PhD4yAkkLToPlMGOet24Zg
0,2,gq8sGjDBiqMjiLNeyi3M7g/gq8sGjDBiqMjiLNeyi3M7g
0,1,jf5QgLBmGLTEV9PsSudxCg/pV8VnCdk47IeYms0X6oxBQ
0,156,d9N5SBjev_3D1rxsVLrRJQ/jgmGi6A4ok4HjAo1NM79gw
0,304,TQA9FDXwgnz-GKwtKjl55w/TQA9FDXwgnz-GKwtKjl55w
0,80,Imd281bX7PWLYLqxKgXTjw/rppy8lEYmC78sTRl-cX0IA
0,33,D7wbyOewBGT360BJoBVHmg/D7wbyOewBGT360BJoBVHmg
0,31,a4tWuGCdUNWM0bmgHIXubA/a4tWuGCdUNWM0bmgHIXubA
0,3,MvOyCyet2pww0P4qUt4CxQ/0qV9wdiD_SH7mVFpnfccxw
0,36,MvoH47fLfie7aVkrC490iw/Gx7ZBdVMGOPdiCiYbBS-Fw
0,144,ZAyKU3aqEvoVzwITDOI5pg/ZAyKU3aqEvoVzwITDOI5pg
0,138,eNUWf_hMy7kf1iEc7bRWZw/eNUWf_hMy7kf1iEc7bRWZw
0,829,0YuGJKD19yHae4I2X8Vi3Q/aCoNrLFHSsBc5DOy5a8Krw
0,666,hcaTInVuAf1KeiLeVeGXQw/o2bP-5oa4bEo6Ks7wZlWTQ
0,9,3tVA5QDrwkKOBS7x6Efgyg/I-VptwXSMnW2sGWsTX8gwQ
0,528,5ijj7TUiNswVbFIuGqMZBA/aUfyqfsJtlZlMjhROEDMBw
0,4029,VUZg24ZmvWWNMJ7GNRhy6Q/2395CLBgq0xwOgLhRmC5dQ
0,155,NIP_BY3to9rUH6eSX6strA/NIP_BY3to9rUH6eSX6strA
0,227,Blng3ihygUc9pNhZ8LnvNQ/dWRX3IXxNFCz37osvBRl5Q
0,11,2FNi-q513b7DPUhwGRxy6Q/rKM7nARrKlC4w8VMwDgN6A
0,143,0YuGJKD19yHae4I2X8Vi3Q/7sNNgEyc5sic_1lr5VXmpA
0,169,Co8SWj9B82wFByA6Y83prQ/Co8SWj9B82wFByA6Y83prQ
0,30,uoqmmEaOB68Evw0Ox_hE7w/ZTyLEMAEGGgFvw1oPcx9Tg
0,180,ZzJsJeuRRJV81lRhKpJYSQ/vygCs5OEqp4LCkTz_p7hKg
0,5081,DAjBaBGxX7Ls5vGDCxMGJg/J-onkJxFYPyboVq-5Nsj_g
0,40,GChw8QQ_KUPepXGZGDWicQ/GChw8QQ_KUPepXGZGDWicQ
0,47,vwk3_LBbRg5EegvqdTchig/vwk3_LBbRg5EegvqdTchig
0,49,7DUui3NYEIX51J0bV19kxw/WIdyFIOpf4nppikgFqdjIQ
0,246,LDysWg9WckbQOcXIilou3A/3Zu5ZdDUNyfccFLRW7_J0g
0,110,j2uYOtBogYR6GA8TmJEIkQ/j2uYOtBogYR6GA8TmJEIkQ
0,87,r5yj5MBQHZu4ntUcGUYFXw/-kSDXQ7TPoqjtriWTsd7_Q
0,6,431w5RIbrGJfl_r0lWLB5g/p7H3asj2y12A2p3HEIsZFw
0,891,cpF70Rhs46B3HA1YGgsqeg/1JZUZR1-wbeNX8WaS9WeBQ
0,114,XXODJOIYnY6aHDl0009alQ/XXODJOIYnY6aHDl0009alQ
0,98,ujzWHklTzs_2J7FAFYj7Hg/ujzWHklTzs_2J7FAFYj7Hg
0,120,BTnfkMOqu-ZgkZ47XJnPxQ/EAZmW6fA2GC8n-eZRNvA2g
0,127,HzSzIwjS00yN16-8mEu25Q/jm4Bg5anSfQ2-4naZCnItA
0,247,FGWccSPGos9cL_aJ4NlzhQ/C_n7gajA_Wxjv8pIMTp2WQ
0,19,aUfJiaWLnXCjAf7OlQjBcA/LkC3sPp7vVBY2Yd2TMAVIA
0,47,ooe8Zd1SJ_a1v9t4svapZA/vhIXQL-YiyIloxP6HxB8oQ
0,196,K5r7iaaswVdbFZv8o40QrQ/K5r7iaaswVdbFZv8o40QrQ
0,204,x9BrCoUrzYi11O-5Y-tFzg/2c9v3EnK2YrZcVgb0shFyQ
0,57,uzDoVBG1bfQSlnJqtEXcjw/uzDoVBG1bfQSlnJqtEXcjw
0,1,HYgs-D2ViVhQ0UoP5ZVIWg/Co8SWj9B82wFByA6Y83prQ
0,115,EMGACp_o5jHmvlTU29YVRA/EMGACp_o5jHmvlTU29YVRA
0,59,NLmaiC8UPeUOo27TLOFLeQ/NLmaiC8UPeUOo27TLOFLeQ
0,106,zVseSUfjBEdseIzUdPtXmg/zVseSUfjBEdseIzUdPtXmg
0,21,x2CiabEMUUMkAMbl8vB0rw/amY4sEJ9hD7ubFQdhDAI7g
0,52,1l8h1bTyj_W7L5YkzV9wCg/1l8h1bTyj_W7L5YkzV9wCg
0,3,ICZNh5OWLjBj_mtStR5awQ/G0_Sd0zUX-1ikBG-jYFxSg
0,61,bc2bYdmyZjhDjq8WxW2_4Q/NpFKJ8YBpZ2La_a0ZKji7A
0,10,Vkf-a-PPcoJhloWFKjIimw/I-dieFeD-8cdoNlhWdXuwA
0,69,eBFucFWghxq0Y6e3xhMCAw/oibp-9_ByN1-f-9NMz-G7Q
0,34,2-scMrZv13F95YPZmfieww/xncHE14xa1V35A-Af9Oj5w
0,72,Pjmb5GPd_5XX5wbf3_bxgg/OkO0-IMl2UAiwO-pwvovWg
0,57,njDCSfHyDCDK0R2GJ41j8w/njDCSfHyDCDK0R2GJ41j8w
0,249,fzIsL8eYnmJRAsSqy3FCdQ/fw7y8g1XIqEZA8oQCZVlkg
0,169,DpxDLy2UCqpCSXCub6-T1w/kfH0h8f7doZCs-uY9oO_Xg
0,15,nR9Kn6moBDml5Jf0uWXy_g/30w_V4Qps0dFF3B6iLYZjQ
0,82,uOBlJV1TJuo88fhbDddk8w/_bdZTnfxrV-7jmyRe2ASzg
0,8,XT5iXnw7ZR_bW8SZepj3xA/nof_zm_IDoQCnUAYIscQEw
