,_id,full_name_h,login_h
0,5aa948bd4e00e19a7f8a5df0,HCNc-me7o2LzI8jLjZCBww/vLCXdlZFKnrbUv3ohZgadw,HCNc-me7o2LzI8jLjZCBww
0,5aa945a54e00e19a7f11e613,DAjBaBGxX7Ls5vGDCxMGJg/J-onkJxFYPyboVq-5Nsj_g,DAjBaBGxX7Ls5vGDCxMGJg
0,5aa955544e00e19a7f695ca2,VUZg24ZmvWWNMJ7GNRhy6Q/2395CLBgq0xwOgLhRmC5dQ,VUZg24ZmvWWNMJ7GNRhy6Q
0,5aa94be24e00e19a7f0206e2,qDHkhVI986y3pPtfN1M0Ow/ykxQuQXcIeoXoQVJpvWUTw,qDHkhVI986y3pPtfN1M0Ow
0,5aa942c74e00e19a7f941218,cpF70Rhs46B3HA1YGgsqeg/1JZUZR1-wbeNX8WaS9WeBQ,cpF70Rhs46B3HA1YGgsqeg
0,5aa955544e00e19a7f695c35,0YuGJKD19yHae4I2X8Vi3Q/aCoNrLFHSsBc5DOy5a8Krw,0YuGJKD19yHae4I2X8Vi3Q
0,5aa959804e00e19a7ffeb63c,hcaTInVuAf1KeiLeVeGXQw/o2bP-5oa4bEo6Ks7wZlWTQ,hcaTInVuAf1KeiLeVeGXQw
0,5aa9592c4e00e19a7ff11e0c,5ijj7TUiNswVbFIuGqMZBA/aUfyqfsJtlZlMjhROEDMBw,5ijj7TUiNswVbFIuGqMZBA
0,5aa94bae4e00e19a7ff9a8d7,vyFRgbUUBSITez1Pa3NUSg/5qNUzUem_XbhRiAWe9z9ZA,vyFRgbUUBSITez1Pa3NUSg
0,5aa94f324e00e19a7f8099c6,PaSB0TP0XR11kL-my7Zlhw/ySKmQcxdwDpJflQJltEhmA,PaSB0TP0XR11kL-my7Zlhw
0,5aa94f114e00e19a7f7b1b0a,JsrncYwyGAp6D44Z1tQKWQ/JmoffC4jRRadO8RI2kXq5g,JsrncYwyGAp6D44Z1tQKWQ
0,5aa94bae4e00e19a7ff9a668,k0gaQv1wBiMMYOcmsG17Fg/4galTpdpDM5QzIct1w7olg,k0gaQv1wBiMMYOcmsG17Fg
0,5aa945574e00e19a7f048192,TQA9FDXwgnz-GKwtKjl55w/TQA9FDXwgnz-GKwtKjl55w,TQA9FDXwgnz-GKwtKjl55w
0,5aa94f414e00e19a7f831451,tu_WBtEY0PYgZuMUGf8EzA/mPEbeniAFpw71ipaUHs5ZQ,tu_WBtEY0PYgZuMUGf8EzA
0,5aa945d44e00e19a7f18f314,FJfZi66nh-tqimdhRcRCEg/wI5nZTE32XNegTG2deKf4Q,FJfZi66nh-tqimdhRcRCEg
0,5aa942d04e00e19a7f958543,fzIsL8eYnmJRAsSqy3FCdQ/fw7y8g1XIqEZA8oQCZVlkg,fzIsL8eYnmJRAsSqy3FCdQ
0,5aa94ee64e00e19a7f744096,FGWccSPGos9cL_aJ4NlzhQ/C_n7gajA_Wxjv8pIMTp2WQ,FGWccSPGos9cL_aJ4NlzhQ
0,5aa955544e00e19a7f695df2,LDysWg9WckbQOcXIilou3A/3Zu5ZdDUNyfccFLRW7_J0g,LDysWg9WckbQOcXIilou3A
0,5aa94f6c4e00e19a7f8a5299,hcaTInVuAf1KeiLeVeGXQw/RBww6Oe3FUnlX2QLVHHz6g,hcaTInVuAf1KeiLeVeGXQw
0,5aa955664e00e19a7f6caf72,Blng3ihygUc9pNhZ8LnvNQ/dWRX3IXxNFCz37osvBRl5Q,Blng3ihygUc9pNhZ8LnvNQ
0,5aa945ce4e00e19a7f17ecdf,BbYFPEGiEwr9b8OxWL2k5g/BbYFPEGiEwr9b8OxWL2k5g,BbYFPEGiEwr9b8OxWL2k5g
0,5ab0fce74e00e10d236ae10f,PhD4yAkkLToPlMGOet24Zg/PhD4yAkkLToPlMGOet24Zg,PhD4yAkkLToPlMGOet24Zg
0,5aa942914e00e19a7f89efe1,x9BrCoUrzYi11O-5Y-tFzg/2c9v3EnK2YrZcVgb0shFyQ,x9BrCoUrzYi11O-5Y-tFzg
0,5aa955544e00e19a7f695f04,0iPhQ5GI5Hg0nVJHZQbCLg/0iPhQ5GI5Hg0nVJHZQbCLg,0iPhQ5GI5Hg0nVJHZQbCLg
0,5aa942914e00e19a7f89ef90,K5r7iaaswVdbFZv8o40QrQ/K5r7iaaswVdbFZv8o40QrQ,K5r7iaaswVdbFZv8o40QrQ
0,5aa942d44e00e19a7f9651b3,4ndRIB0eV1X78Orz13cNzA/VDP7pOcyvTJ6QVHv0Z6EvQ,4ndRIB0eV1X78Orz13cNzA
0,5aa959574e00e19a7ff83613,pYSQ_zKsHiL6pgHGeRKr0g/hIApcFPSG9t037jGMaC7Ww,pYSQ_zKsHiL6pgHGeRKr0g
0,5aa945574e00e19a7f04826a,wWFvPIliYj4zlBfmwWpfuQ/lzU3k9B6ERmysw6JRC2SPQ,wWFvPIliYj4zlBfmwWpfuQ
0,5aa94bf94e00e19a7f05387a,ZzJsJeuRRJV81lRhKpJYSQ/vygCs5OEqp4LCkTz_p7hKg,ZzJsJeuRRJV81lRhKpJYSQ
0,5aa958e34e00e19a7fe588f4,SnaexRrjR3uqjAdCjdKsyw/ykxQuQXcIeoXoQVJpvWUTw,SnaexRrjR3uqjAdCjdKsyw
0,5aa945a04e00e19a7f10c393,W1w5v52dSI9_AE9dwdiOdQ/W1w5v52dSI9_AE9dwdiOdQ,W1w5v52dSI9_AE9dwdiOdQ
0,5aa959484e00e19a7ff59a7b,Co8SWj9B82wFByA6Y83prQ/Co8SWj9B82wFByA6Y83prQ,Co8SWj9B82wFByA6Y83prQ
0,5aa948af4e00e19a7f87e6cc,DpxDLy2UCqpCSXCub6-T1w/kfH0h8f7doZCs-uY9oO_Xg,DpxDLy2UCqpCSXCub6-T1w
0,5aa942914e00e19a7f89f97c,bn3k7j6EMDbB1IIrmXGU0g/bn3k7j6EMDbB1IIrmXGU0g,bn3k7j6EMDbB1IIrmXGU0g
0,5aa943174e00e19a7fa31212,hcaTInVuAf1KeiLeVeGXQw/zPV_NOdyJwXEpjgGDUz0Pg,hcaTInVuAf1KeiLeVeGXQw
0,5aa945c94e00e19a7f16d334,fXw5RvENaz6by5XAZzoajA/t26Yr5qqaAl5v1plstWhBQ,fXw5RvENaz6by5XAZzoajA
0,5aa94f504e00e19a7f85a9f0,d9N5SBjev_3D1rxsVLrRJQ/jgmGi6A4ok4HjAo1NM79gw,d9N5SBjev_3D1rxsVLrRJQ
0,5aa9487d4e00e19a7f7f15e9,NIP_BY3to9rUH6eSX6strA/NIP_BY3to9rUH6eSX6strA,NIP_BY3to9rUH6eSX6strA
0,5aa958d94e00e19a7fe3ef00,ZAyKU3aqEvoVzwITDOI5pg/ZAyKU3aqEvoVzwITDOI5pg,ZAyKU3aqEvoVzwITDOI5pg
0,5aa952994e00e19a7f01a9c4,0YuGJKD19yHae4I2X8Vi3Q/7sNNgEyc5sic_1lr5VXmpA,0YuGJKD19yHae4I2X8Vi3Q
0,5aa9487d4e00e19a7f7f13de,eNUWf_hMy7kf1iEc7bRWZw/eNUWf_hMy7kf1iEc7bRWZw,eNUWf_hMy7kf1iEc7bRWZw
0,5aa9594d4e00e19a7ff66a87,1e_zrJhEPhOaFWois09KUg/coEuMIc0VdzuLOLR7ibkqw,1e_zrJhEPhOaFWois09KUg
0,5aa94eef4e00e19a7f760810,dZL6F11u71cR0xGmUWpqnQ/3pue141-Lh3O7_7ngOL5GQ,dZL6F11u71cR0xGmUWpqnQ
0,5aa952a34e00e19a7f0338d4,HzSzIwjS00yN16-8mEu25Q/jm4Bg5anSfQ2-4naZCnItA,HzSzIwjS00yN16-8mEu25Q
0,5aa942d04e00e19a7f95d5bf,FLwv66NiwyRmPbV0J8MFyA/0P0HQfP6N_HnEeyBA4OnDg,FLwv66NiwyRmPbV0J8MFyA
0,5aa94ee64e00e19a7f743847,cuuO3CBoXGYKpyOY07vvVw/BVxkUDDcpK4GieQs8rgOCA,cuuO3CBoXGYKpyOY07vvVw
0,5aa94bae4e00e19a7ff9a5ec,AIUHUmITKFeuw3RJacm9OA/IP20VQUJJpi8h1hHkvxRjA,AIUHUmITKFeuw3RJacm9OA
0,5aa94ee64e00e19a7f743a56,BTnfkMOqu-ZgkZ47XJnPxQ/EAZmW6fA2GC8n-eZRNvA2g,BTnfkMOqu-ZgkZ47XJnPxQ
0,5aa948944e00e19a7f8367bc,C6HULmps_iioIeyT1gO28Q/C6HULmps_iioIeyT1gO28Q,C6HULmps_iioIeyT1gO28Q
0,5aa9487d4e00e19a7f7f145a,EMGACp_o5jHmvlTU29YVRA/EMGACp_o5jHmvlTU29YVRA,EMGACp_o5jHmvlTU29YVRA
0,5aa9598a4e00e19a7f00786b,XXODJOIYnY6aHDl0009alQ/XXODJOIYnY6aHDl0009alQ,XXODJOIYnY6aHDl0009alQ
0,5aa952274e00e19a7feecc7c,j_iEz_GAbgQ_fstv49BaiQ/Ng0hTombiLj-VKJgZowvSA,j_iEz_GAbgQ_fstv49BaiQ
0,5aa952274e00e19a7feeca40,j2uYOtBogYR6GA8TmJEIkQ/j2uYOtBogYR6GA8TmJEIkQ,j2uYOtBogYR6GA8TmJEIkQ
0,5aa9560a4e00e19a7f821229,5RG-gnDBaQjdQsZA-i0MDw/sePxsQVYRFljqlu_TSAknA,5RG-gnDBaQjdQsZA-i0MDw
0,5aa945574e00e19a7f04815b,zVseSUfjBEdseIzUdPtXmg/zVseSUfjBEdseIzUdPtXmg,zVseSUfjBEdseIzUdPtXmg
0,5aa943014e00e19a7f9e9c42,0YuGJKD19yHae4I2X8Vi3Q/0YuGJKD19yHae4I2X8Vi3Q,0YuGJKD19yHae4I2X8Vi3Q
0,5aa955544e00e19a7f695cb3,NfS5AAovmyBX0Y6B3i6sDw/zrIHcuDJ0kDHXrJrDjer7g,NfS5AAovmyBX0Y6B3i6sDw
0,5aa94ee64e00e19a7f743824,07DQqtEfCi0mdTaqGKLGiw/UIWogfc1mZMBKZYjqs7rDw,07DQqtEfCi0mdTaqGKLGiw
0,5aa952274e00e19a7feecb63,ujzWHklTzs_2J7FAFYj7Hg/ujzWHklTzs_2J7FAFYj7Hg,ujzWHklTzs_2J7FAFYj7Hg
0,5aa942914e00e19a7f89f311,luHDhMF-DHFZD9DYlBqwbA/luHDhMF-DHFZD9DYlBqwbA,luHDhMF-DHFZD9DYlBqwbA
0,5aa94c4a4e00e19a7f12c42d,Ka2ESICRmlfleg0P36GReg/e0ZMQrhQVV9tP_LcvUeQkg,Ka2ESICRmlfleg0P36GReg
0,5aa949004e00e19a7f95544c,IcwoQJcpVl_BpNLdktsmnw/NNH5H7LlFLhXb6sadaiaaw,IcwoQJcpVl_BpNLdktsmnw
0,5aa955544e00e19a7f695c47,r5yj5MBQHZu4ntUcGUYFXw/-kSDXQ7TPoqjtriWTsd7_Q,r5yj5MBQHZu4ntUcGUYFXw
0,5aa94c234e00e19a7f0c49f6,R41If12wAkwOFE7xGmxyfw/Zbcfd3N4AEXvx6UIY8FnJg,R41If12wAkwOFE7xGmxyfw
0,5aa94ee64e00e19a7f744202,uOBlJV1TJuo88fhbDddk8w/_bdZTnfxrV-7jmyRe2ASzg,uOBlJV1TJuo88fhbDddk8w
0,5ab0fbef4e00e10d2357b865,DsYac0bbP0UACqJTTJrmaQ/qUClSLpBvJiPmdUf0C8h3g,DsYac0bbP0UACqJTTJrmaQ
0,5aa9487d4e00e19a7f7f1490,Imd281bX7PWLYLqxKgXTjw/rppy8lEYmC78sTRl-cX0IA,Imd281bX7PWLYLqxKgXTjw
0,5aa945d44e00e19a7f1911e1,ZAyKU3aqEvoVzwITDOI5pg/GSeA3o-OYiTSC16GK1WMCw,ZAyKU3aqEvoVzwITDOI5pg
0,5aa948f34e00e19a7f935778,yCLBtjhT7Sc7iWh6xQX5-g/YG6vhGxleZFjVBmbRZU-4g,yCLBtjhT7Sc7iWh6xQX5-g
0,5aa9487d4e00e19a7f7f1547,NFuKG8SKExLAiEqdsYIgRg/aLANoOsw0qzJxXIIpPkhwQ,NFuKG8SKExLAiEqdsYIgRg
0,5aa958d94e00e19a7fe3f1e2,8CETI3paX_8D40ye7rRmQA/8CETI3paX_8D40ye7rRmQA,8CETI3paX_8D40ye7rRmQA
0,5aa94f324e00e19a7f80babc,qA0snRKSt8_DeYiOBL9t5g/qA0snRKSt8_DeYiOBL9t5g,qA0snRKSt8_DeYiOBL9t5g
0,5aa958d94e00e19a7fe3f298,QUxfX4YH52mKjnTni7xVaw/QUxfX4YH52mKjnTni7xVaw,QUxfX4YH52mKjnTni7xVaw
0,5aa9487d4e00e19a7f7f14fb,2-scMrZv13F95YPZmfieww/1EaArWHXzf8AhyhA34CX6w,2-scMrZv13F95YPZmfieww
0,5aa942914e00e19a7f89fb00,Pjmb5GPd_5XX5wbf3_bxgg/OkO0-IMl2UAiwO-pwvovWg,Pjmb5GPd_5XX5wbf3_bxgg
0,5aa942b34e00e19a7f90c1e0,eBFucFWghxq0Y6e3xhMCAw/oibp-9_ByN1-f-9NMz-G7Q,eBFucFWghxq0Y6e3xhMCAw
0,5aa959274e00e19a7ff04561,JmQRRFvmzPwsmhI0ZAEv4w/1Ut7onVxovALOO2Sc7l08g,JmQRRFvmzPwsmhI0ZAEv4w
0,5aa959484e00e19a7ff5869f,bc2bYdmyZjhDjq8WxW2_4Q/NpFKJ8YBpZ2La_a0ZKji7A,bc2bYdmyZjhDjq8WxW2_4Q
0,5aa9528f4e00e19a7f0027b6,2cDlLdFSdNUQQbSJx86grQ/2cDlLdFSdNUQQbSJx86grQ,2cDlLdFSdNUQQbSJx86grQ
0,5aa959304e00e19a7ff1e119,NLmaiC8UPeUOo27TLOFLeQ/NLmaiC8UPeUOo27TLOFLeQ,NLmaiC8UPeUOo27TLOFLeQ
0,5aa94c024e00e19a7f06aa14,uzDoVBG1bfQSlnJqtEXcjw/uzDoVBG1bfQSlnJqtEXcjw,uzDoVBG1bfQSlnJqtEXcjw
0,5aa94bae4e00e19a7ff9a611,njDCSfHyDCDK0R2GJ41j8w/njDCSfHyDCDK0R2GJ41j8w,njDCSfHyDCDK0R2GJ41j8w
0,5aa942ae4e00e19a7f8f679c,ty5SGIvQecw8NG7Wwu9XtQ/dYzovyCanZPcxwMJysobkw,ty5SGIvQecw8NG7Wwu9XtQ
0,5aa952504e00e19a7ff5b89e,jsamuNGdKxtIhw4iyR2RRA/RBj0hf6WzlwkofRrQAywgg,jsamuNGdKxtIhw4iyR2RRA
0,5aa945d44e00e19a7f1911da,ZAyKU3aqEvoVzwITDOI5pg/uxqZLw7NdEzhKXLWNFkT3Q,ZAyKU3aqEvoVzwITDOI5pg
0,5aa958d94e00e19a7fe405d6,1l8h1bTyj_W7L5YkzV9wCg/1l8h1bTyj_W7L5YkzV9wCg,1l8h1bTyj_W7L5YkzV9wCg
0,5aa955a34e00e19a7f742bd7,1OClZOKoq1qXeXGRSI6tpA/1OClZOKoq1qXeXGRSI6tpA,1OClZOKoq1qXeXGRSI6tpA
0,5aa945574e00e19a7f04949e,tu_WBtEY0PYgZuMUGf8EzA/VBZhYiGFhRwki0G_DOp60A,tu_WBtEY0PYgZuMUGf8EzA
0,5aa945924e00e19a7f0ef4fa,37is50knMYEGDe0PY8L6nw/Hh07dsqkDeOTBXM2Izic0g,37is50knMYEGDe0PY8L6nw
0,5aa9590a4e00e19a7fec19e2,UUy25KWuvkJaoHv-ndlqHg/Ns34uIelz_x43NXAiZG5kw,UUy25KWuvkJaoHv-ndlqHg
0,5aa952714e00e19a7ffb17bd,7DUui3NYEIX51J0bV19kxw/WIdyFIOpf4nppikgFqdjIQ,7DUui3NYEIX51J0bV19kxw
0,5aa943274e00e19a7fa596f4,pPi1FENBVMGvJXd7zNDvoA/pPi1FENBVMGvJXd7zNDvoA,pPi1FENBVMGvJXd7zNDvoA
0,5aa955e74e00e19a7f7cb801,6pmmkGBnWzIHVAa58xDL-Q/6pmmkGBnWzIHVAa58xDL-Q,6pmmkGBnWzIHVAa58xDL-Q
0,5aa952274e00e19a7feeccbe,PSWsg5RIjKSfFI9LvZ4pBg/wuKFyzPOzb64PSGJ6YOowA,PSWsg5RIjKSfFI9LvZ4pBg
0,5aa94f7a4e00e19a7f8c0771,smXjtubw1FPwWtzDeUxUqw/smXjtubw1FPwWtzDeUxUqw,smXjtubw1FPwWtzDeUxUqw
0,5aa9487d4e00e19a7f7f17f5,vwk3_LBbRg5EegvqdTchig/vwk3_LBbRg5EegvqdTchig,vwk3_LBbRg5EegvqdTchig
0,5aa952434e00e19a7ff3f55f,BElMmws8e8aSfx0RzsJRNw/BElMmws8e8aSfx0RzsJRNw,BElMmws8e8aSfx0RzsJRNw
0,5aa955e74e00e19a7f7c71dc,ooe8Zd1SJ_a1v9t4svapZA/vhIXQL-YiyIloxP6HxB8oQ,ooe8Zd1SJ_a1v9t4svapZA
0,5aa948824e00e19a7f7fe731,6Rxz-0WxNs4djew8UA060A/p0rY36zU-YXrOXdRdhXOJQ,6Rxz-0WxNs4djew8UA060A
0,5aa952934e00e19a7f006507,bc2bYdmyZjhDjq8WxW2_4Q/2YGHsvSy2y6aUXpcjzgdPQ,bc2bYdmyZjhDjq8WxW2_4Q
