,count,repo
0,1588212,vLgSr80Yp5JGyWXB08Nqqw/TctrIcY-_ptaJ0o_LJiXZA
1,1420087,zyaFcNny9AyAVZP5gtJmkg/99_8zfqjZDlEUrIzBbLIWg
2,1299555,TDzlqS86e7C0rnKvUbf-yw/OgbgU6ByZTeyAs5KzoHe5w
3,628538,t26Yr5qqaAl5v1plstWhBQ/t26Yr5qqaAl5v1plstWhBQ
4,446841,tu_WBtEY0PYgZuMUGf8EzA/mPEbeniAFpw71ipaUHs5ZQ
5,443210,AmVgVZ9G1iQnVnMuTt_DUg/DxAAOpdUgjr3ewufU67XaQ
6,393261,I-mUEkTFJFFQ_AESWLzLvw/d_6EUTu-r2-vaPpr0SufrQ
7,384355,XNxXmx0SzdZzm7oNPMbdug/9HkSIwkotT7j1AJ2UUbKUQ
8,354143,685GUjtoBv79agbn0Llsog/D5gvq1Omcj6KvcjpvOC2FA
9,340225,NEPoYdvzc-44QkKIWCPNpQ/MF48LIVIsPjaCkzVrAfXbA
10,310733,o2spca2vydayCYrHB7oOXw/amoAFELemPby_e1SEsw5SQ
11,303484,xauMjx4zACEkiKMMEDkzkw/odmAd4p2GocE25NzLuQ-fA
12,301481,xauMjx4zACEkiKMMEDkzkw/K-7Prf1lPWXeFyXcsOZJwQ
13,300236,FgvCzMMFX8v4uFSExY2_7w/FgvCzMMFX8v4uFSExY2_7w
14,297906,CfzlxCGqgm1WOVViJPyXVw/oRIIPjnQ477Q3NIKoqF9Fw
15,293539,CfzlxCGqgm1WOVViJPyXVw/rqsPr3Im_T_uZk-jG3xwCQ
16,293250,6qHn5jjdCZfIeI0cClrrqg/V7m7f_fYjYDvVJ-hbotfhw
17,288101,BbYFPEGiEwr9b8OxWL2k5g/BbYFPEGiEwr9b8OxWL2k5g
18,256417,M_IOF7I6jgAZyN-UFnb11w/rqsPr3Im_T_uZk-jG3xwCQ
19,253541,1e_zrJhEPhOaFWois09KUg/coEuMIc0VdzuLOLR7ibkqw
20,247052,6Rgus_WelXA80swy0i5UNw/LaiuSSYVYkUWDqPq39Kviw
21,242774,CfzlxCGqgm1WOVViJPyXVw/2Zjng7cSJqUA1sgxc00xdA
22,236486,xauMjx4zACEkiKMMEDkzkw/IRfav7A3QFCq6p3lXmdDXg
23,235818,xauMjx4zACEkiKMMEDkzkw/PbS3pA-kCIC2qbWGdOtk2g
24,230319,ty5SGIvQecw8NG7Wwu9XtQ/dYzovyCanZPcxwMJysobkw
25,227996,MCGAjiR89Tp1f_tWZw2O2A/fEmxU9S1n4wM-MPhjcgMtw
26,227529,TZCb7erBiVEMYN8S0h98Ag/PvzpVcK-1nWUbPowz7jbjw
27,218149,fw2h8uMBC3gurmmyjQVoxw/LBf1F51NXXEpVZ0IC0PJKQ
28,201080,M_IOF7I6jgAZyN-UFnb11w/cbjOda3xckMLQPLmWsCJqA
29,199215,xauMjx4zACEkiKMMEDkzkw/bxY7FOS95L1I5BDTY0KWdA
30,198822,xauMjx4zACEkiKMMEDkzkw/t6P1GYS8xZPVI6UxMsqHsw
31,196381,s75Gaciq9TCc3otCtHqIIw/5UQe8i3FFFftX6w7wE_3Fg
32,193206,6Rxz-0WxNs4djew8UA060A/p0rY36zU-YXrOXdRdhXOJQ
33,191924,gLGRwzx1XVeT8ZS0lw0SbQ/xv6YsTjFC7JNyAYZE3UVVg
34,190595,xauMjx4zACEkiKMMEDkzkw/m_-byk0C4VKpNUQzywu8SA
35,190445,bIzPmNbJT-QvAR2m1Bx4tw/5heZRxrmIh4fJ1UjHxXJNQ
36,189935,CfzlxCGqgm1WOVViJPyXVw/CMC0sHJMe4eiJgNgd_FrEg
37,189727,xauMjx4zACEkiKMMEDkzkw/IDFGPGwKBEVMiugjaWoAZg
38,187409,JsrncYwyGAp6D44Z1tQKWQ/sN9bw7MNSSFy2Oyuf_l78Q
39,186278,CfzlxCGqgm1WOVViJPyXVw/dS5s_v3CbCqqxHlUEm6big
40,183850,cTca9GgwuXoQpzwgNiU5fg/0H1Qp1G8bd8Svzrw7-6bRQ
41,183499,CfzlxCGqgm1WOVViJPyXVw/F2dpAmqJI72O3lekkCWnsQ
42,178014,jsamuNGdKxtIhw4iyR2RRA/RBj0hf6WzlwkofRrQAywgg
43,177594,CfzlxCGqgm1WOVViJPyXVw/h2WFMo4XvLgwhluPwHzR_A
44,177538,ZQAQBHK7GG_QtYPt52_vCQ/5heZRxrmIh4fJ1UjHxXJNQ
45,175786,6pmmkGBnWzIHVAa58xDL-Q/6pmmkGBnWzIHVAa58xDL-Q
46,173316,CfzlxCGqgm1WOVViJPyXVw/92NnHBrMF3cyjHk-EwBLOw
47,172570,hcaTInVuAf1KeiLeVeGXQw/zPV_NOdyJwXEpjgGDUz0Pg
48,163311,FAhkB4rsocfDW0vrM8U8NA/4vyAUIXiXJdhYWwA4GW_6A
49,162597,NKIJAmS8s5ephPBJEw3PYA/TwQHQ9k0HlsWAGLwu3-mYg
50,161982,Qv-cOAVZ-ZF4y1tyHSXqaA/s7snmt9WTt4WZqQjvczNiQ
51,161554,ZxoNoLoGHJjegBQJ28V9fg/NsRTaZbKVhXc-ZEfBoeG3A
52,161423,CfzlxCGqgm1WOVViJPyXVw/1ri_xubDkGS_1OHH298YCg
53,159891,hcaTInVuAf1KeiLeVeGXQw/RBww6Oe3FUnlX2QLVHHz6g
54,156210,PSWsg5RIjKSfFI9LvZ4pBg/wuKFyzPOzb64PSGJ6YOowA
55,155790,CfzlxCGqgm1WOVViJPyXVw/AJs7GfQqR4AN-AQhlcgPgw
56,155490,CfzlxCGqgm1WOVViJPyXVw/gnXtGVk9eClNp21pQmybVg
57,154245,kedQQig_WiwwARARM5kSsw/0HVgThn6itH2H7jWDhpdAQ
58,152111,Nd7RU8Ig-Uc1U8T0olS7uw/__yk1n6gp4iBMDG4u8OzKQ
59,152050,CfzlxCGqgm1WOVViJPyXVw/LPlMC4JxGI4kses69xZM8g
60,151984,NFuKG8SKExLAiEqdsYIgRg/aLANoOsw0qzJxXIIpPkhwQ
61,151923,X3TKgmatZNg-DBxbNm-jqA/CZlVcPLb8HVhY3IMBaf8_A
62,150891,CfzlxCGqgm1WOVViJPyXVw/bIsT0u8GYk_r0SwPybGPqw
63,150873,CfzlxCGqgm1WOVViJPyXVw/P9vYY-kyDqzHMsHXNvq8kQ
64,150589,CfzlxCGqgm1WOVViJPyXVw/reqx8DfsemsIlK8hDwvebQ
65,150366,uW9346uTcscqc06U0ZmZtA/wnhVrGf-XP4404AxwmaYSA
66,148242,4W3a9Pkd9SSye_Ty5LGsCQ/GIl9z85qTnrmOjuu7UQ8SA
67,145821,x37ffWb_rxrHEI6TJpjS7Q/ECnrLqOwTrwH_BEngsCQQQ
68,145382,0YuGJKD19yHae4I2X8Vi3Q/0YuGJKD19yHae4I2X8Vi3Q
69,145340,IPC0umQ0JmsXErUw7iSl5A/--MiqJvAulMcPwBQ45NfKA
70,144664,pk7SG-Nn6tGVG1OlB1oGZg/ZfHgLSpRZe7vpdcQcJJZIw
71,144134,JmQRRFvmzPwsmhI0ZAEv4w/1Ut7onVxovALOO2Sc7l08g
72,143109,LDm8GbdhrDbcBGJF0dR_5g/LDm8GbdhrDbcBGJF0dR_5g
73,142877,CfzlxCGqgm1WOVViJPyXVw/IdKAIuReNW8O5krADlZNFg
74,142729,bVOtxY2gqQXbHI_XhauojA/NWijdlYpxtC7_sxG4ZrM7w
75,142324,CfzlxCGqgm1WOVViJPyXVw/gcGn2QJV4F3Y7ho4SyBPoA
76,141569,CfzlxCGqgm1WOVViJPyXVw/u2Wa0QxtTxJCpQNYFqfCXQ
77,141347,CfzlxCGqgm1WOVViJPyXVw/6jmyQ15-WM385OqbX6qRmw
78,140711,CfzlxCGqgm1WOVViJPyXVw/DjIsqMDFAnGDEliDCptqSg
79,140230,CfzlxCGqgm1WOVViJPyXVw/ug0Ja5p1Gr2Zqyg8b_rZfA
80,140216,CfzlxCGqgm1WOVViJPyXVw/67Devo1SDSjMfri4t4kcWw
81,139947,CfzlxCGqgm1WOVViJPyXVw/Ij4ksqnUqgIMVBFf3Dyv0w
82,139820,L7UuSKKCSb9p23xYxAzAmQ/e4nuqz0dLHKgBNvECplQRQ
83,136387,stF5pUvY9KLwgOczy346zQ/6nrxTQOpk2uUm1JSJ7edOg
84,135723,CfzlxCGqgm1WOVViJPyXVw/AYZ9F4DEOkCgCopYIZEDsA
85,135243,Df7rE0gjFhByXrBcY-b-wQ/_nmHr86e3cFO32j2RyG-ZA
86,134983,CfzlxCGqgm1WOVViJPyXVw/WkOfUlQJVT5NkAHo4WD4Qg
87,133335,CfzlxCGqgm1WOVViJPyXVw/6q7Y2gOkwyQeDp7mHt-uow
88,133296,m6I8btn0LM3bMXuPs_ay6w/7N5HMzbpwMfeTqEgcm9NxQ
89,132965,FAhkB4rsocfDW0vrM8U8NA/VYtUTPaF85005JA-OcOLZw
90,132939,CfzlxCGqgm1WOVViJPyXVw/6rez51j1goU4d-j3iyQEVQ
91,132192,ty5SGIvQecw8NG7Wwu9XtQ/iY6WYYfyXBPd1_neFlzf1Q
92,132018,j_iEz_GAbgQ_fstv49BaiQ/Ng0hTombiLj-VKJgZowvSA
93,131803,685GUjtoBv79agbn0Llsog/685GUjtoBv79agbn0Llsog
94,129801,9KdgpW4GVz_FTLWEP0NXVw/W_kDtvo1jR9U8B2P90ewoA
95,129553,PaSB0TP0XR11kL-my7Zlhw/ySKmQcxdwDpJflQJltEhmA
96,128751,vZnnmO6HI2JudEiCO6n5vQ/b49XcVCQ2iYyRTmI2aFQGw
97,127861,NfS5AAovmyBX0Y6B3i6sDw/zrIHcuDJ0kDHXrJrDjer7g
98,126692,L7UuSKKCSb9p23xYxAzAmQ/46nqTYfWzv0QGaqpO5J0ig
99,126351,L7UuSKKCSb9p23xYxAzAmQ/j_aI2S_E9epDj1caQLkowg
100,125963,BSLuIRzmMEzKPd-lxGodaA/GkxUysfwWXhr7X-nDWepDg
101,123553,eAFW5HzG3uDCOSI-IgfT7g/RWda1qewoMVuJXocANg2OA
102,123280,JsrncYwyGAp6D44Z1tQKWQ/JmoffC4jRRadO8RI2kXq5g
103,121884,CfzlxCGqgm1WOVViJPyXVw/By4C1udSo7LQqznfdbh2Lw
104,121771,CfzlxCGqgm1WOVViJPyXVw/GH3-XlWXn09871O2oMSV1w
105,121506,CfzlxCGqgm1WOVViJPyXVw/pWQCHb_cK_LaiLotA4YBog
106,121265,HzhwvidPbEmz4xoMZyiVfw/gYBW29fiASQyBrnHzYhIHA
107,120765,CfzlxCGqgm1WOVViJPyXVw/dCm8xP0J3Tmrh_nkmnFTog
108,120189,CfzlxCGqgm1WOVViJPyXVw/X_VNRIeZoh09cRmPISwCTw
109,119808,CfzlxCGqgm1WOVViJPyXVw/FRfVbnnLl9obsGlIOA9i9g
110,118503,qDHkhVI986y3pPtfN1M0Ow/ykxQuQXcIeoXoQVJpvWUTw
111,118345,CfzlxCGqgm1WOVViJPyXVw/hlgjOME9z1cQDI0P3MsIMQ
112,118162,CfzlxCGqgm1WOVViJPyXVw/J-B3isw1uppQNLjqJhrLGA
113,117687,CfzlxCGqgm1WOVViJPyXVw/rLVHr0XxTLO5KaTSFFF04Q
114,117465,CfzlxCGqgm1WOVViJPyXVw/nm0l-p4qXdyaDTkZ6KuNHQ
115,117202,CfzlxCGqgm1WOVViJPyXVw/8RxOVi6kX9HGODltnCOv9w
116,117121,fXw5RvENaz6by5XAZzoajA/t26Yr5qqaAl5v1plstWhBQ
117,116957,IcwoQJcpVl_BpNLdktsmnw/NNH5H7LlFLhXb6sadaiaaw
118,116791,CfzlxCGqgm1WOVViJPyXVw/iY5IkSzWdbmJhh3IXeBvag
119,116546,HCNc-me7o2LzI8jLjZCBww/vLCXdlZFKnrbUv3ohZgadw
120,116233,CfzlxCGqgm1WOVViJPyXVw/Gjc6jpKj2pWdYug5pNGDaQ
121,116046,CfzlxCGqgm1WOVViJPyXVw/x1kHnKsU9KCRpJ9ZeLa7NQ
122,115963,mHb55hvjPUCp_F5yrwBoJw/Fx77wWf5DUlLOxz7pBHuhA
123,115915,CfzlxCGqgm1WOVViJPyXVw/tzcA_vucMgci9YeRhxDQgg
124,115773,CfzlxCGqgm1WOVViJPyXVw/CkyWoksVzEavCcPUDpn7_g
125,115702,CfzlxCGqgm1WOVViJPyXVw/ew64WUWNVsp9y5ibdDJEYQ
126,115481,CfzlxCGqgm1WOVViJPyXVw/CGzb9GAH1QkGlCnBuWX-5A
127,115370,L7UuSKKCSb9p23xYxAzAmQ/WpR1oujEFUtLMK36dW2sOQ
128,115108,L7UuSKKCSb9p23xYxAzAmQ/wTMtmlITX2WHG8lyLvlTLA
129,114602,CfzlxCGqgm1WOVViJPyXVw/GIMlX7DljSUFCQideo3Abg
130,114056,CfzlxCGqgm1WOVViJPyXVw/iNPHjc6DEW8ZSGI7uaoJvg
131,113524,_GwchX6x0iNEWTpg_k6XzQ/ht9eFKWkAz7732yXb_cS6Q
132,113361,CfzlxCGqgm1WOVViJPyXVw/Xkwj8htp3ymDz1y9YFmnxQ
133,113198,CfzlxCGqgm1WOVViJPyXVw/qTBGmQAKcFl7N1MoPbA8aQ
134,112961,CfzlxCGqgm1WOVViJPyXVw/KG3Q6cQphNv0iR5wEhkfOQ
135,112383,CfzlxCGqgm1WOVViJPyXVw/oITE4nsSS1f5dKvnJrnX-g
136,112062,CfzlxCGqgm1WOVViJPyXVw/V_sSKWWoE-4l5Ulx48qeiQ
137,111878,CfzlxCGqgm1WOVViJPyXVw/EsHEJhFYbIapaUjX50g1mA
138,111679,C04e_MBn1Nuvm543I23NGg/teb6iZfHZ1pceJ9_S7Oc0g
139,111365,CfzlxCGqgm1WOVViJPyXVw/t5oLdzLyr4CoXaHmxEbdRg
140,111226,CfzlxCGqgm1WOVViJPyXVw/yeWpXtv8u_6azJ4WC0GXkw
141,111092,CfzlxCGqgm1WOVViJPyXVw/TW1Kje-7lJa8Kmq-ThWobA
142,111062,CfzlxCGqgm1WOVViJPyXVw/MJfs4Sp4acXBvCIIEnuHOg
143,110895,CfzlxCGqgm1WOVViJPyXVw/xqakdIZpIn_Udu07bJVn3g
144,110755,CfzlxCGqgm1WOVViJPyXVw/rnh9tL2wnSMLjbZ5gJ580g
145,110241,PhD4yAkkLToPlMGOet24Zg/PhD4yAkkLToPlMGOet24Zg
146,109922,gq8sGjDBiqMjiLNeyi3M7g/gq8sGjDBiqMjiLNeyi3M7g
147,109887,jf5QgLBmGLTEV9PsSudxCg/pV8VnCdk47IeYms0X6oxBQ
148,109571,CfzlxCGqgm1WOVViJPyXVw/2an3dziWVV0Yjf4C65-6Tw
149,108327,CfzlxCGqgm1WOVViJPyXVw/qD9TRDXUrarudRHV0tk-rA
150,108222,d9N5SBjev_3D1rxsVLrRJQ/jgmGi6A4ok4HjAo1NM79gw
151,107977,CfzlxCGqgm1WOVViJPyXVw/DjmKLaiOu7Dnyx5wuEtCHw
152,106736,TQA9FDXwgnz-GKwtKjl55w/TQA9FDXwgnz-GKwtKjl55w
153,106681,3Q7sKrqTjpKm-Zk4KM9YrQ/amoAFELemPby_e1SEsw5SQ
154,106257,ZN1_BJHJPLio9mzGlC_Edg/N3h3SfPHxqLT74seTdtMMQ
155,106144,e6Iu2FR5HGhGQhX5sDP08Q/-NjdFemrxaxEM0DDIsbLvA
156,105814,CfzlxCGqgm1WOVViJPyXVw/WFtxnXsahmEC85n-EDGN8w
157,104731,5lFRHPd_k9hlZU82OJ3FyQ/TYGYmK8iA5ECJk-eWG35ZQ
158,104326,Imd281bX7PWLYLqxKgXTjw/rppy8lEYmC78sTRl-cX0IA
159,103730,Wl1s7vaWGBJGEAuXMtPUvQ/Fd35XvRtxhK9h1hBGht4pg
160,102358,D7wbyOewBGT360BJoBVHmg/D7wbyOewBGT360BJoBVHmg
161,101863,a4tWuGCdUNWM0bmgHIXubA/a4tWuGCdUNWM0bmgHIXubA
162,101547,n4-TvhXtyEmmm_uQioQT8A/enHMdqepzmRwqFpeOVISGg
163,101508,MvOyCyet2pww0P4qUt4CxQ/0qV9wdiD_SH7mVFpnfccxw
164,101362,tB4vkEvCPOkTuMcO6rpO9g/-UfUvetkBFNv2mR0eON_Lg
165,101174,stF5pUvY9KLwgOczy346zQ/yDYbeYrSsLebgzhUQnRqwA
166,100615,MvoH47fLfie7aVkrC490iw/Gx7ZBdVMGOPdiCiYbBS-Fw
167,99781,ZAyKU3aqEvoVzwITDOI5pg/ZAyKU3aqEvoVzwITDOI5pg
168,99775,tjYGTXfsmChcH_jFAc-x2g/1WSm3EhyK3vt-rKeKgbKgw
169,98277,bEhXYs34CgvJxwm-9Zvzlw/bEhXYs34CgvJxwm-9Zvzlw
170,97804,eNUWf_hMy7kf1iEc7bRWZw/eNUWf_hMy7kf1iEc7bRWZw
171,96782,xauMjx4zACEkiKMMEDkzkw/vS9-iIaSDlTh5DQqHGDBlA
172,96710,0YuGJKD19yHae4I2X8Vi3Q/aCoNrLFHSsBc5DOy5a8Krw
173,96197,hcaTInVuAf1KeiLeVeGXQw/o2bP-5oa4bEo6Ks7wZlWTQ
174,95758,3tVA5QDrwkKOBS7x6Efgyg/I-VptwXSMnW2sGWsTX8gwQ
175,94731,fw2h8uMBC3gurmmyjQVoxw/FlT-PZPZujWSyMXLKaqFyg
176,94556,L7UuSKKCSb9p23xYxAzAmQ/4YkkrvJ4KmhrjEXlfx2fZw
177,93917,XT5iXnw7ZR_bW8SZepj3xA/--MiqJvAulMcPwBQ45NfKA
178,92033,bEhXYs34CgvJxwm-9Zvzlw/Vy1OQh5ea5vBHYFeigJxEg
179,91909,WjBKz2IqP9CpvsYiWSbLUQ/A8fArOOV2AGC2weuLDDwNA
180,91741,L7UuSKKCSb9p23xYxAzAmQ/2z9v3zGNXNh1Y2GcSWKWzw
181,91456,tB4vkEvCPOkTuMcO6rpO9g/8HgHajSGB-ufBZUilSyZoQ
182,90018,L7UuSKKCSb9p23xYxAzAmQ/GjkcUxAqY3PFQ1Mz6lWANw
183,89969,xauMjx4zACEkiKMMEDkzkw/3GMj5uGiTKotK-TbxyvQOg
184,89730,5ijj7TUiNswVbFIuGqMZBA/aUfyqfsJtlZlMjhROEDMBw
185,89363,xauMjx4zACEkiKMMEDkzkw/PR81ylupL4gRLq2Che9iTg
186,88672,L7UuSKKCSb9p23xYxAzAmQ/F4rT5x0Hc3Cx6B5Ij0ypDA
187,88605,VUZg24ZmvWWNMJ7GNRhy6Q/2395CLBgq0xwOgLhRmC5dQ
188,88060,NIP_BY3to9rUH6eSX6strA/NIP_BY3to9rUH6eSX6strA
189,85952,vX5zkxXKD3ZOXL3TAtxsMA/VFsOPNJ-f-MpOVsr8dWNsA
190,85428,M_IOF7I6jgAZyN-UFnb11w/3vd3JzQYEG---VTZh9063A
191,85331,1Sc-fS5c8CYFFglebBXnyg/u8UBJS_uNdBu4lqUJEljzg
192,85075,Blng3ihygUc9pNhZ8LnvNQ/dWRX3IXxNFCz37osvBRl5Q
193,84853,JQhJljtiemz8tHdbDuqhzQ/l_E7fGBNb0vXCTPy1QknSw
194,84849,9CkNBp6RnN5oR4zknulpUg/oKa5VQmvX7EQATrOdHHCrA
195,83415,xauMjx4zACEkiKMMEDkzkw/v3CuvqLk2LiY7vvXtkZY7g
196,82746,2FNi-q513b7DPUhwGRxy6Q/rKM7nARrKlC4w8VMwDgN6A
197,82499,eEPukMdPbB5nA4UjD6O5HA/pZpWVIqY8N93IsSNd3c_ew
198,82246,1BTWGfvRvNpi3VIrcxVcKA/ddOtWAd1MGzWIx8GDrQhbA
199,81940,zg626w-AwNr1VK6lko3t4g/rREmE3rFPwza0vw_Gz-pzg
200,81668,Z-3O3ZDDPkKwNj3iIrLhPw/jw0Kr_3FiSjHHn-LBxWygA
201,81435,NuY5OTy0WgGBzD0rIKBeOw/IpMyz5V2_KSR6qcJ67Am6w
202,80488,ApZeDQvC-veHWlifafC30A/wajgWb_R6RHPELYmNAyaVA
203,79358,0YuGJKD19yHae4I2X8Vi3Q/7sNNgEyc5sic_1lr5VXmpA
204,79343,Co8SWj9B82wFByA6Y83prQ/Co8SWj9B82wFByA6Y83prQ
205,78762,uoqmmEaOB68Evw0Ox_hE7w/ZTyLEMAEGGgFvw1oPcx9Tg
206,78353,ZzJsJeuRRJV81lRhKpJYSQ/vygCs5OEqp4LCkTz_p7hKg
207,78061,ZQAQBHK7GG_QtYPt52_vCQ/6ChX7ShySN0L8bsgnUY9Cg
208,77717,xauMjx4zACEkiKMMEDkzkw/sHwuKQo-x8MGy7qTYXOsYQ
209,77611,DAjBaBGxX7Ls5vGDCxMGJg/J-onkJxFYPyboVq-5Nsj_g
210,77296,ZG55TGfWwvdWuY1FLN8rxw/MBhtSaUxOQXQPrTXTPq3jg
211,77013,WQ7_jjHFSlJDRUVaNj7Grw/6UWI-NQpqJ6r-R234u4yJQ
212,76649,xauMjx4zACEkiKMMEDkzkw/48CNONUy3XcuGsLfrePqow
213,76044,Z-3O3ZDDPkKwNj3iIrLhPw/uRG_oq87OkK0XGdLSIY8IA
214,75909,uZcvRsHlJ5fWYjaxGNKXCQ/3cooyTFRtlBKI-Gp4BzvPQ
215,75561,9-ojITaUdq-LgA4PO224OQ/Tx_0oPR6aKpipqZRFav2zA
216,75507,GChw8QQ_KUPepXGZGDWicQ/GChw8QQ_KUPepXGZGDWicQ
217,75327,vwk3_LBbRg5EegvqdTchig/vwk3_LBbRg5EegvqdTchig
218,75325,8s7j_XSq20PJE5byBrzz6A/oNacrejOSsPsLir8Y_IzXQ
219,74808,pYq56z-SNoKKTLoBtGkBzQ/OzlCPF-LOe6kB2sITW0S_w
220,74583,7DUui3NYEIX51J0bV19kxw/WIdyFIOpf4nppikgFqdjIQ
221,74465,LDysWg9WckbQOcXIilou3A/3Zu5ZdDUNyfccFLRW7_J0g
222,74405,j2uYOtBogYR6GA8TmJEIkQ/j2uYOtBogYR6GA8TmJEIkQ
223,74295,1KcZ03taKbrkH3IhgMZCjQ/24SOxQiWFy6A-IjUu1eOpA
224,74252,7nnFsbFtS2PpL0wUbmqqqQ/4Dqot05iByC5uhDEDTrnGQ
225,74028,5b89QxnpfHgzSDdg9x_-Vw/-KoAr6Uv7vLkS3Zt3FtpGA
226,73580,r5yj5MBQHZu4ntUcGUYFXw/-kSDXQ7TPoqjtriWTsd7_Q
227,73322,LHqa2DZYONyj9Z28F-B-QQ/n6wsivjFodBt8ktOMYGavg
228,73295,fVMPjbU3-drRZ8aYke8VEQ/ZPQM9nOuSlVmV917rywZMw
229,73190,LHqa2DZYONyj9Z28F-B-QQ/MUiENISdguXEPF1X6yNWBA
230,73105,NBXW9Jk1wMuIC3KJoCuDYw/qi1uT1eOsM-rojvu92whlA
231,73034,WAxPN8Z2H1AOHdyNv5ECYg/V4AMAIS3fMx9vzbVM6jQpA
232,72566,eAFW5HzG3uDCOSI-IgfT7g/eAFW5HzG3uDCOSI-IgfT7g
233,72150,FKUdsWWZo8fNyGYA2t5Vyw/m1jV2ovbvHn9x3s2krIc8w
234,72045,gBmpLH-nFZRMJkDMyqDNwA/PWLXcbMQd-spWS4meVzVIA
235,72028,WoowxchfptGKWLepb7wpXA/ZrcPN6chFAS0nElcHKcXFw
236,70983,431w5RIbrGJfl_r0lWLB5g/p7H3asj2y12A2p3HEIsZFw
237,70779,cpF70Rhs46B3HA1YGgsqeg/1JZUZR1-wbeNX8WaS9WeBQ
238,70577,xauMjx4zACEkiKMMEDkzkw/Lfujp1MNWnJQqJOKNmOkTA
239,70500,XXODJOIYnY6aHDl0009alQ/XXODJOIYnY6aHDl0009alQ
240,70468,ujzWHklTzs_2J7FAFYj7Hg/ujzWHklTzs_2J7FAFYj7Hg
241,70179,BTnfkMOqu-ZgkZ47XJnPxQ/EAZmW6fA2GC8n-eZRNvA2g
242,70038,xauMjx4zACEkiKMMEDkzkw/DN5QxbEcuAxT8EiQLxBMKQ
243,69900,HzSzIwjS00yN16-8mEu25Q/jm4Bg5anSfQ2-4naZCnItA
244,69679,ZgdTe5RoDt45KnXFPO4bCQ/aqGbjV1JOtwm2k_3BIqj9g
245,69594,Nl0Px9Ygb_JuLywqeMkalA/Nl0Px9Ygb_JuLywqeMkalA
246,69248,3yemvtXpYC9diOaHEgcdcw/72qYe_a9g4q-0LyM8UJ9eg
247,68987,PaSB0TP0XR11kL-my7Zlhw/lFVBmvSjqht3x5YQnxmIuA
248,68508,FGWccSPGos9cL_aJ4NlzhQ/C_n7gajA_Wxjv8pIMTp2WQ
249,68416,aUfJiaWLnXCjAf7OlQjBcA/LkC3sPp7vVBY2Yd2TMAVIA
250,68390,boqeAORhau_gO8IXN4x7oA/M07OTelhbVNYhLwQMPSBYA
251,67880,ooe8Zd1SJ_a1v9t4svapZA/vhIXQL-YiyIloxP6HxB8oQ
252,67509,0UuwP2yeC-FBq3MsH9R7Cg/lRwfdXqfkY8GJM1cuQuJDQ
253,67404,K5r7iaaswVdbFZv8o40QrQ/K5r7iaaswVdbFZv8o40QrQ
254,67359,x9BrCoUrzYi11O-5Y-tFzg/2c9v3EnK2YrZcVgb0shFyQ
255,67000,uzDoVBG1bfQSlnJqtEXcjw/uzDoVBG1bfQSlnJqtEXcjw
256,66760,HYgs-D2ViVhQ0UoP5ZVIWg/Co8SWj9B82wFByA6Y83prQ
257,65956,L7UuSKKCSb9p23xYxAzAmQ/EunE_4gLg2kayhziZxlhAA
258,65656,RLuwRI20nr9OxMXi5qNVQQ/RLuwRI20nr9OxMXi5qNVQQ
259,65355,uKXXm0TfB8MgeiT-zL0l6A/UTe9Yw7rRj8i8s6-Vmri1g
260,65330,EMGACp_o5jHmvlTU29YVRA/EMGACp_o5jHmvlTU29YVRA
261,65251,xauMjx4zACEkiKMMEDkzkw/u8T3KPUbogRql30JyVttDA
262,64769,myjg7un-XyZMzbYwxZfTOw/nMGcxyRjZSVdzmJK__K0rw
263,64429,xauMjx4zACEkiKMMEDkzkw/w9RFbpG0-GweFWl4XsmJhA
264,64183,NLmaiC8UPeUOo27TLOFLeQ/NLmaiC8UPeUOo27TLOFLeQ
265,63835,xauMjx4zACEkiKMMEDkzkw/9M1CROx94veNFOWCp9dlZQ
266,63208,xauMjx4zACEkiKMMEDkzkw/kTZZnMrO306rQE0DbvnA2A
267,63004,zVseSUfjBEdseIzUdPtXmg/zVseSUfjBEdseIzUdPtXmg
268,63002,cL5qK5ERFVembzLZDuOsHQ/tbW1K08L5qOVmlvWxsAOJQ
269,61898,x2CiabEMUUMkAMbl8vB0rw/amY4sEJ9hD7ubFQdhDAI7g
270,61869,XrCOgcW6kkQvoFPW_F3SbA/XrCOgcW6kkQvoFPW_F3SbA
271,61751,y-vqzu3pUR0TOlqHKBmYhg/AXHBlmfsBeh2s5h2etKPsw
272,61741,ApZeDQvC-veHWlifafC30A/9pYoKqTNT2FKqZUZDPRC_g
273,61684,1l8h1bTyj_W7L5YkzV9wCg/1l8h1bTyj_W7L5YkzV9wCg
274,61319,ICZNh5OWLjBj_mtStR5awQ/G0_Sd0zUX-1ikBG-jYFxSg
275,60718,b2Zs95O-StDOp8Us180ijw/0UjEtCWAh3J9u10qavHXPA
276,60525,bIzPmNbJT-QvAR2m1Bx4tw/6ChX7ShySN0L8bsgnUY9Cg
277,60382,bc2bYdmyZjhDjq8WxW2_4Q/NpFKJ8YBpZ2La_a0ZKji7A
278,60288,Vkf-a-PPcoJhloWFKjIimw/I-dieFeD-8cdoNlhWdXuwA
279,60215,eBFucFWghxq0Y6e3xhMCAw/oibp-9_ByN1-f-9NMz-G7Q
280,60117,2-scMrZv13F95YPZmfieww/xncHE14xa1V35A-Af9Oj5w
281,60044,Pjmb5GPd_5XX5wbf3_bxgg/OkO0-IMl2UAiwO-pwvovWg
282,59937,xauMjx4zACEkiKMMEDkzkw/bghZ77nuE_yuuH2DHJidxg
283,59931,xauMjx4zACEkiKMMEDkzkw/nUBzx6iwmYRxDPttcumoVg
284,59924,4W3a9Pkd9SSye_Ty5LGsCQ/va0F6cRp1fNnqxma1CLhAw
285,59482,njDCSfHyDCDK0R2GJ41j8w/njDCSfHyDCDK0R2GJ41j8w
286,59290,fVMPjbU3-drRZ8aYke8VEQ/jmfsehHoSxalnE7T7MjdnQ
287,59178,fzIsL8eYnmJRAsSqy3FCdQ/fw7y8g1XIqEZA8oQCZVlkg
288,59158,fVMPjbU3-drRZ8aYke8VEQ/lYf1NxXo3hEMhyF_imtNuw
289,59075,DpxDLy2UCqpCSXCub6-T1w/kfH0h8f7doZCs-uY9oO_Xg
290,58959,xauMjx4zACEkiKMMEDkzkw/JvHcl0xPfbMfl5JNzYnGTQ
291,58922,nR9Kn6moBDml5Jf0uWXy_g/30w_V4Qps0dFF3B6iLYZjQ
292,58736,xauMjx4zACEkiKMMEDkzkw/h1jtLLqygcpomSpkPATVSA
293,58351,o2iCM-nV50RXSrPzneXv5w/E22-57Pp1zLCsR32XV09IQ
294,57982,bIT-g5YDDXRqeyQCHy0J_g/ZIB1tnjnh_nvnzS6fBgfaw
295,57781,uOBlJV1TJuo88fhbDddk8w/_bdZTnfxrV-7jmyRe2ASzg
296,57665,OiMa7aM6KvPLXZXCnppP3w/zcIo-UzkpFwT7sPa12rgXQ
297,57382,ZQAQBHK7GG_QtYPt52_vCQ/SFvDZGT-Uuo9_moq7iYXAA
298,57069,XT5iXnw7ZR_bW8SZepj3xA/nof_zm_IDoQCnUAYIscQEw
299,56985,hcaTInVuAf1KeiLeVeGXQw/CJiyJzDVevzTlNjkiJ7OSg
300,56945,dZL6F11u71cR0xGmUWpqnQ/3pue141-Lh3O7_7ngOL5GQ
301,56893,VAg8b5ob_rpXajKWTutL5Q/VAg8b5ob_rpXajKWTutL5Q
302,56857,k-ifxBN7Ut3rVN4D-1i_6A/k-ifxBN7Ut3rVN4D-1i_6A
303,56845,jTRvnV5jftNvAbTzu5yJWQ/26tiGQV9OfFkVamv-spsfg
304,56670,bc2bYdmyZjhDjq8WxW2_4Q/2YGHsvSy2y6aUXpcjzgdPQ
305,56660,l_xQf0bUvBacxEhm_fDaVg/-IF2ZQDyjqlaELsmc7sy2w
306,56592,JPJxRXzSnLBWRiYyCZCMIg/vqtn6mbTEDSq0UL8Q4QvZw
307,56572,A3cNBytXlhWSMzHy4BQ42w/A3cNBytXlhWSMzHy4BQ42w
308,56488,56nE5u5bIHDljJq4GdrFxA/oexTmhZVfQPNvKRwflnI9Q
309,56432,THXLjsX3x0se0_nj4-ux6A/THXLjsX3x0se0_nj4-ux6A
310,55845,wWFvPIliYj4zlBfmwWpfuQ/lzU3k9B6ERmysw6JRC2SPQ
311,55686,OfR_r-TmaSK4-CHUPKGbbg/ygJmvHdzEMOvrDN7qttdrA
312,55602,QkUWylO0rUvvN-0E-HlaiA/QkUWylO0rUvvN-0E-HlaiA
313,55409,6svRO5u8l7zz2G7-9P_iAQ/FqZhsVlesJS2ilaik_jsFw
314,55213,THXLjsX3x0se0_nj4-ux6A/6uFhP6YffGikoGEn16DU2g
315,54920,zg626w-AwNr1VK6lko3t4g/UyNdTvQg0OHCJgntlCfX8w
316,54884,2cDlLdFSdNUQQbSJx86grQ/2cDlLdFSdNUQQbSJx86grQ
317,54521,Ws68TLcN27B0sKx2qrF2rg/Ws68TLcN27B0sKx2qrF2rg
318,54327,hxO3hnF2rg_yEEZLW0t5mg/tNiO0B-_TcnKL91txQt5ig
319,54323,IwvEPKTJ2IVuSm1e1gip7g/u4FBErilsItNaVITnHPxCA
320,54166,M2bUjcgq93P7A1_bxMoq3Q/NKbl1kreF-9OUWEsUN1y9Q
321,53965,7tJ0GCyTGyUqbrE1LCdZcQ/OsdabWAnHvq0HrF0fRcmGQ
322,53872,2gUx8D-HvnFh71Cl7I0Tyg/tKICnrMEHyI8Y1l4j4Lmww
323,53725,yCLBtjhT7Sc7iWh6xQX5-g/PXybRUSsvsnqMVt9JeHPjQ
324,53658,5RG-gnDBaQjdQsZA-i0MDw/sePxsQVYRFljqlu_TSAknA
325,53534,9CkNBp6RnN5oR4zknulpUg/eUB9Bi4VK8RFG2CIEnhsXQ
326,53393,byovVfgvlBNZQxznkjQHfQ/YmCOCK3Cmo1tvJdU5lnxJQ
327,53233,6Qz0y3lnFIPmUfr7z8hzsw/6Qz0y3lnFIPmUfr7z8hzsw
328,53161,IyF-s0oCqwdm8JoLaKICvg/84mHh9aYDmq3ADU-fWFKHw
329,52345,pPi1FENBVMGvJXd7zNDvoA/pPi1FENBVMGvJXd7zNDvoA
330,52276,UP1u9U6tLBW-1vEy4dx1bQ/SLoWk_rm2xttVM1EsjfQ5w
331,52272,PF-_PZ3Cbd5gPcfeB3sp-A/PF-_PZ3Cbd5gPcfeB3sp-A
332,52250,GQOdr8t0qRwbvAWvevbwOQ/h_JqWtVx1I6VJRz2e4MWsg
333,52078,8eV3B3lMNwRVOPyc1PME7w/R_AOPOyMF7__IWBrwLf9TQ
334,51932,uUt-9_F9I5TW-99Fja3HsA/w_Sk_3sczkLot-eQCQvi1g
335,51512,csK7AYspb7Du-lzreBW2XA/l2uFlF4znE3of-ykUxvAyA
336,51495,hCJBk9GKm1o9xicL2SiElQ/loZ89uOLbIaVrjOXlUlt8Q
337,51480,RKL5ZUta5eeKSLRo4CyP7Q/RKL5ZUta5eeKSLRo4CyP7Q
338,51448,qA0snRKSt8_DeYiOBL9t5g/qA0snRKSt8_DeYiOBL9t5g
339,51403,bn3k7j6EMDbB1IIrmXGU0g/bn3k7j6EMDbB1IIrmXGU0g
340,51381,7bDrptmCdXXmrHzVW2NTrA/BjAJuxXIJyvQxwHP3wEWIg
341,51310,Q7T-AW-VSX802BxsZa5uwg/Q7T-AW-VSX802BxsZa5uwg
342,51256,s8A8Q-WzamhIet4Ea2NsEg/Afrzg2UVH42Wa_WWAkL7ng
343,50991,wj46RMMR3pXWw1SNMuEWOw/yln0TDJ2Mla6EF5N1lgT8w
344,50948,DsYac0bbP0UACqJTTJrmaQ/qUClSLpBvJiPmdUf0C8h3g
345,50818,aqeAqW1CcYAIwNVDnZ72EQ/Hq-mY5UQ2bMlU4XBdE6X8A
346,50817,0Y6r12vcb8bM390g1AqyCw/LaY9ylB9AKlpny3R-N2HVw
347,50798,vyFRgbUUBSITez1Pa3NUSg/5qNUzUem_XbhRiAWe9z9ZA
348,50638,tqd_P1vq12pJWpDWNwPh-Q/T7o7wCty7ppoeh5ShuNzxg
349,50557,luHDhMF-DHFZD9DYlBqwbA/luHDhMF-DHFZD9DYlBqwbA
350,50550,_6BW9lexIThrQd1oDmJd0A/4A641_MtPEjiuw3QaysWkA
351,50503,FJfZi66nh-tqimdhRcRCEg/wI5nZTE32XNegTG2deKf4Q
352,50474,rPXhnfZd-ykhfxnbL3TLcw/byovVfgvlBNZQxznkjQHfQ
353,50299,KO6-vFgaC5Qy0X1sRb5ACg/R4Y0I67Eu8eJAMG3GLOmKw
354,49979,6LM8SSdLcnzhG1kPWWhLOg/f1e-od6_LxJ8GtRbvQY3_w
355,49811,GJ4vjMO1FJTBR7FLtPWtCg/ySKmQcxdwDpJflQJltEhmA
356,49572,tu_WBtEY0PYgZuMUGf8EzA/VBZhYiGFhRwki0G_DOp60A
357,49478,BVXJzOw_0t6t04ZvdkvtSA/IBoyKXtQwumRYiGLwySijA
358,49343,uZcvRsHlJ5fWYjaxGNKXCQ/g_NxNHfKVKMIadYhuwC5gw
359,48716,07DQqtEfCi0mdTaqGKLGiw/UIWogfc1mZMBKZYjqs7rDw
360,48618,WMMEJn_D7axJ01w5Xw-8Dw/WMMEJn_D7axJ01w5Xw-8Dw
361,48555,-Mt5avtryZ_1OBehA_ZaLQ/hrxD5Vax3yg4OfBT6wLiuw
362,48516,PhD4yAkkLToPlMGOet24Zg/G4ViNDEWn-3Jog7PJN8_VA
363,48513,pYSQ_zKsHiL6pgHGeRKr0g/hIApcFPSG9t037jGMaC7Ww
364,48456,fVMPjbU3-drRZ8aYke8VEQ/-HECIpKKo1RRbpamnZKSGg
365,48446,fvc79MeyE-D-LzSLYTBOSg/4galTpdpDM5QzIct1w7olg
366,48443,4ndRIB0eV1X78Orz13cNzA/VDP7pOcyvTJ6QVHv0Z6EvQ
367,48295,fVMPjbU3-drRZ8aYke8VEQ/_QQa9FxRXT7TIQ8rHN1jaA
368,48084,uX5-0jB49PzaRQMEF00VmQ/8zcMj9ITczZPQWuaCa4YXw
369,47954,G4ViNDEWn-3Jog7PJN8_VA/G4ViNDEWn-3Jog7PJN8_VA
370,47882,AIUHUmITKFeuw3RJacm9OA/IP20VQUJJpi8h1hHkvxRjA
371,47846,_l5u7I5p4thtW5SjR_9_4w/aZNCdVXta7fh7eCMzZP1CA
372,47842,UzWxqY6vuoTV5I8s7atKBA/UzWxqY6vuoTV5I8s7atKBA
373,47323,ZAyKU3aqEvoVzwITDOI5pg/GSeA3o-OYiTSC16GK1WMCw
374,47191,8CETI3paX_8D40ye7rRmQA/8CETI3paX_8D40ye7rRmQA
375,47102,07yXTyIXVBsTETdjML3f7g/6uGLxB4UNN2Y-i3ZiVMdqA
376,47102,j5YMsnt3Mg7nuHqj9-jxRA/c9De2QICFFU1dCCgFsRFWg
377,46788,9CkNBp6RnN5oR4zknulpUg/ApZX4Qpxn89bYDFHngEc-w
378,46701,369IlhaVCeaPKuOunc50Aw/ojP8LAP_6kB1TJR8yE-RrA
379,46536,YTpQnA81F7pAEqeTUHe3cw/Jm8mbFLdH3RmK4rLUSCPVQ
380,46335,qQgxMIXdTxbeqkwViX51Xg/qQgxMIXdTxbeqkwViX51Xg
381,45868,2O7MIA0vmHeJMpA9dncC2Q/2O7MIA0vmHeJMpA9dncC2Q
382,45825,0YuGJKD19yHae4I2X8Vi3Q/-kOsrp7yHHDtjA-YUISVGQ
383,45770,CfzlxCGqgm1WOVViJPyXVw/x8UYaQDfjbVrZGi4vB16vA
384,45746,ty5SGIvQecw8NG7Wwu9XtQ/7q1r8bKilkk60STHPRHkYQ
385,45647,k0gaQv1wBiMMYOcmsG17Fg/4galTpdpDM5QzIct1w7olg
386,45626,Df7rE0gjFhByXrBcY-b-wQ/OI81F-2lvyYXRlTInJ0gHw
387,45428,DMJAmAd2zQi9_l1sTGk2Ag/DMJAmAd2zQi9_l1sTGk2Ag
388,45370,NEPoYdvzc-44QkKIWCPNpQ/rDP283O88Awdw3oy3AbNzw
389,45355,NEPoYdvzc-44QkKIWCPNpQ/wZ5Nbv9V-IU-qcw_hqvDAQ
390,45343,NEPoYdvzc-44QkKIWCPNpQ/lczMprc5TT4FVuZqbYGUpA
391,45176,CfzlxCGqgm1WOVViJPyXVw/yB8ZIJ8pP0li6NkcxUngLA
392,45154,1e_zrJhEPhOaFWois09KUg/9GK7_mGop0rYh_-gvZLG8w
393,45028,R41If12wAkwOFE7xGmxyfw/Zbcfd3N4AEXvx6UIY8FnJg
394,44998,a3tlXdIvqj8QZ3xRJJOooA/-B6YbuTJ-A1gAr9TArPqhw
395,44746,gLGRwzx1XVeT8ZS0lw0SbQ/kpKmTXxYD79dV1QqU266-A
396,44708,W1w5v52dSI9_AE9dwdiOdQ/W1w5v52dSI9_AE9dwdiOdQ
397,44445,FLwv66NiwyRmPbV0J8MFyA/0P0HQfP6N_HnEeyBA4OnDg
398,44136,f468kVpXD838NfyVy4LmlQ/jXd_OF09_siBXSD3SWAm3A
399,43935,6ypGgudR2q_KwDi3vbqmqg/uArwPNB951-HFcqHZ-oL7A
400,43911,fVMPjbU3-drRZ8aYke8VEQ/j7k9S_1fZ0rGaxIC21_QNA
401,43895,fj8Spm_Wyi36r6fOuNLB2A/6RtZSvYExcPnMhwQYuCOVw
402,43744,CfzlxCGqgm1WOVViJPyXVw/SogimW9x8UQ_kiQH-6Rw-A
403,43738,CfzlxCGqgm1WOVViJPyXVw/eVtaWoTz9-TsKlLpGWJhog
404,43693,A0jc13SiiSCXudXITOiC0w/A0jc13SiiSCXudXITOiC0w
405,43587,PWJ39e4JATmUAkGDtcZ9PQ/z-cLk_zbwsNTLbxrZUsW0g
406,43490,CfzlxCGqgm1WOVViJPyXVw/DKIHjLiHoQS0OdYdS9pfaw
407,43463,GaEB5C91oeMYPwccKV6jDA/J2gZDYr8VL5drAyH7-g24w
408,43328,sqt9nEpiNjdpRgVShdiPqQ/07qPnW6Da7zrgTI_uZkSAQ
409,43308,lI5mebjUvQrVFGUqF_FVfw/3hSUwHIlRlp_DBGWB4D9ZA
410,43298,f5IXENjtM2oiU0m6QKhSbw/ZRvDJRNikKYkov4TpyxN3Q
411,43179,-7k3d8LN8Jh0NE3KPQ4FoA/0Bdoyy_1ZIXR9U1UF7rwSw
412,43173,rkfWS4RqpM_v_V5aIogfxA/PBCypCyCARR0e9sR6JHeKg
413,42996,AgIgEnJkjKzvgQ0KVz_4Pg/vS9-iIaSDlTh5DQqHGDBlA
414,42934,MvOyCyet2pww0P4qUt4CxQ/q-EPflr7uzp5zmGXOVQRSQ
415,42859,zCKXZ_EjOPjnEpBVGuTe5Q/-0a8XADQXrNBES5jMFgOBw
416,42836,E2qCiDWXt6Kd_VSw4uiwOA/2AUQEu2FW6ugkArG2qt7Jw
417,42795,UJmAQBHj-_CMwMW6nf3Msw/dtfUwDKpAHHHBqduyZEtxA
418,42657,fVMPjbU3-drRZ8aYke8VEQ/CfaKrq-rLL6hGANPZ6hI0g
419,42613,uUt-9_F9I5TW-99Fja3HsA/MSyM2Pl5sSpAsGtGTHjxuA
420,42573,pvSRVZeDXXb0d7Xf3jvEww/rwBv_cVyWdRRcAPlNtCsAQ
421,42561,RBEwj-sJ4Lis3cK7CseAaQ/RBEwj-sJ4Lis3cK7CseAaQ
422,42457,DKa1C3psa2D9pXorj0aT7Q/DKa1C3psa2D9pXorj0aT7Q
423,42357,CfzlxCGqgm1WOVViJPyXVw/2dURsBM53_RhCIU5CekAhA
424,42241,Gt7OLcWftD7-TEPkKYGwBA/Gt7OLcWftD7-TEPkKYGwBA
425,42023,BElMmws8e8aSfx0RzsJRNw/BElMmws8e8aSfx0RzsJRNw
426,42011,yZF7bnpkqs87yiFxtD4Gbg/V7m7f_fYjYDvVJ-hbotfhw
427,41863,YkKdWUtv_HEvVK7pdqGLRA/YkKdWUtv_HEvVK7pdqGLRA
428,41818,Ob6bSTfzELM4ZAIbS1kIlw/Ob6bSTfzELM4ZAIbS1kIlw
429,41711,IkWznBd-k_wBW6BRvk6FdA/IkWznBd-k_wBW6BRvk6FdA
430,41618,XgdaGWdkP5UDVgwT0zZwMA/5XL3YT6d8RMXJzt8uxa_Hw
431,41570,cuuO3CBoXGYKpyOY07vvVw/BVxkUDDcpK4GieQs8rgOCA
432,41415,5p4c9tS1dhb36Qfh8BI2Vw/OEfr7htAhrtOZHl2HDu8Tg
433,41335,_6BW9lexIThrQd1oDmJd0A/6vmuTakT_WBB1Ng3Zfp0ug
434,41290,bIzPmNbJT-QvAR2m1Bx4tw/uSX0St9xRDlahi-vELbCYg
435,41277,Xe_CpTfhlZYePiO_y38Myg/aYICe9B7B-8dqYhdGlgdMw
436,41274,FSfoiHZ83OFdIAuHCznP0A/FSfoiHZ83OFdIAuHCznP0A
437,41251,_e312twSVUOoPSy2Zzw0oQ/NeZcK_JLzc1Tx9MaDprAXw
438,41217,7HfL1OF9wOs2aKH640yxtQ/bfeO6-xmLReWRvz4hiKqeQ
439,41210,1OClZOKoq1qXeXGRSI6tpA/1OClZOKoq1qXeXGRSI6tpA
440,41075,wYAjXDCpgEhKUSRy2X-IMg/wYAjXDCpgEhKUSRy2X-IMg
441,41034,tu_WBtEY0PYgZuMUGf8EzA/aMA6dhUtxT_dLHx6sH8nIQ
442,40944,y-vqzu3pUR0TOlqHKBmYhg/jwm9TFdSUWXwCTo-ZBlIFQ
443,40913,AGmcni3H20GLaUVBgbpOyw/AGmcni3H20GLaUVBgbpOyw
444,40739,vv4ZOCccO_jXj8u3l0VzOg/DpMHa6nWDtOSTzY0eeguGQ
445,40604,ZkfFIdzhoFIJwW9pqDU7HQ/qrrc8AZAWndGB-awv1Z1WA
446,40492,FEZToCS9pf4aziYLrWev-Q/wzfhG_yp8SrpsTQpAeBDeQ
447,40291,37is50knMYEGDe0PY8L6nw/Hh07dsqkDeOTBXM2Izic0g
448,40267,j7Nz0ajRO6EX-dJhF_egxw/UkyB59m7S_ED7I1tatpJzQ
449,40240,sSCmVLX0x8343SChf0svvg/TquS-gbsft-MqERpvLy-NQ
450,40186,312hLm6ZijxiOVHcOUDIaQ/mstEVJtBVjaXu0kBROxiWA
451,40179,yG0dooRf_EK30lRDrivQyA/yG0dooRf_EK30lRDrivQyA
452,40142,XojeUiqAV2BzcZ2ncT99yA/G6A_V7hf1OVogz6SLGCXcA
453,40077,c3DWfEoddrH-llYleJ0WUg/NWg0Zw8mTC-fHNonvbNfOw
454,40043,61bcUYRPF7WCegWeoGS4tg/-qqsnLGMUAqXwD7skta4_A
455,40025,dn7GNCOC5PbmHrazCad-5w/dn7GNCOC5PbmHrazCad-5w
456,39958,FYB1TC7Pd1HpyPtY7_2aKQ/n_7tclb5AWlEv_PkATE9_g
457,39828,bU43nrlNrrtKJ2oIvQUbyw/PWUPuKXfAWACgdSMR8n6YA
458,39817,6qHn5jjdCZfIeI0cClrrqg/ihl9ERnvLUkXF_ga47rxZg
459,39784,smXjtubw1FPwWtzDeUxUqw/smXjtubw1FPwWtzDeUxUqw
460,39776,hmMq-ZVQCWaO4bAvzmNTDQ/MulN1QwnOb0hDADkZ5JBAA
461,39728,ZptOGAg92jO09aBoO-2XPA/hlwMC0qw4GPlyqM4fBqHQQ
462,39581,MoGVovqfJhXfCzwjqCLIzQ/G1PswkuK2pLwu2zXcbF3dQ
463,39529,iy1eC2qfLk1MEUhwwL1_7g/UBY00V-VJDlKi_EaqIsUjQ
464,39411,4W3a9Pkd9SSye_Ty5LGsCQ/eDf1UGj1pvsBznlRlp4BDA
465,39397,KfzF98jwtqnj_soHOYVKPQ/MqkFxa4eyVVcN8G-d_hR4A
466,39277,sP0NPgKBIFzIeyEV47Fkug/k4AuqgaxDGuNJbWmatcFpQ
467,39210,WLIrcFUXAbUoetfiACKWXw/uzRitizY2z-boAfYb40cbQ
468,39113,rhusUndzk_t_DlBDcrTMtg/rhusUndzk_t_DlBDcrTMtg
469,38659,4uIygWmZVrdLq_qS-tMogg/6FBvEl0a05ujJvJtaNgOPQ
470,38624,fVMPjbU3-drRZ8aYke8VEQ/HQ7yt73lui5_jOvYUxfawg
471,38488,FAhkB4rsocfDW0vrM8U8NA/tlM4NKe5TCFe7-ABEgCaHQ
472,38387,0iPhQ5GI5Hg0nVJHZQbCLg/0iPhQ5GI5Hg0nVJHZQbCLg
473,38198,9UqGsnAWbQtb7BrmVjsKzg/pFEDhCNsjoOgzztti5h67w
474,38170,3Ugnr4eybentkub7CO_Fqw/3Ugnr4eybentkub7CO_Fqw
475,37881,QUxfX4YH52mKjnTni7xVaw/QUxfX4YH52mKjnTni7xVaw
476,37766,ROU1xefNVT4vKuPqT0TxNA/fs-TOkW0rbEMdcOzHv6iqg
477,37549,-7k3d8LN8Jh0NE3KPQ4FoA/JeQqTYsPD7YpZ16aD8Uyig
478,37512,6tmhbwwLbyWwwj6S9LTKCw/Z1fvy9GONyoU82lWBB4eUw
479,37503,xLOmXRUG63E-N9kn_wuegQ/6zUf0y7FLA3I3qHHhWJu4w
480,37496,2-scMrZv13F95YPZmfieww/1EaArWHXzf8AhyhA34CX6w
481,37467,fa2nwE8oCu19QlXsLAKsLA/KL8OumYxtVYyR_G0LZp_Fw
482,37309,WglrY9_epSzis_kVN3r8xg/0nmWHCbue-sCC31xmq5kiQ
483,37070,SnaexRrjR3uqjAdCjdKsyw/ykxQuQXcIeoXoQVJpvWUTw
484,37046,j_iEz_GAbgQ_fstv49BaiQ/j_iEz_GAbgQ_fstv49BaiQ
485,37042,sI_ZiYiaAikHKw-ZE0uReQ/rT5DTDDZzewPGbh7cwHJ1Q
486,37008,C6HULmps_iioIeyT1gO28Q/C6HULmps_iioIeyT1gO28Q
487,36923,yCLBtjhT7Sc7iWh6xQX5-g/YG6vhGxleZFjVBmbRZU-4g
488,36865,ZAyKU3aqEvoVzwITDOI5pg/uxqZLw7NdEzhKXLWNFkT3Q
489,36814,xZz3-jnU7Sza8Zl8wW-QLg/zx6MFOVFBfYKoQzrjV2Ksw
490,36697,iUVY7mQh0NAka8QQXlJCKQ/L-fOwxMfqWYpBuz7LqyKSQ
491,36570,yr_fJbQfJCh0YbsparP2zQ/gGrR4aSqZJikt62u12OSkw
492,36569,Ka2ESICRmlfleg0P36GReg/e0ZMQrhQVV9tP_LcvUeQkg
493,36558,mhZqCubeS2dETOrZ4O85Ag/_9SGejlgC41OIZsEbxjftQ
494,36541,UUy25KWuvkJaoHv-ndlqHg/Ns34uIelz_x43NXAiZG5kw
495,36513,VLx3C5yyJgymMgnCIFEX0A/VLx3C5yyJgymMgnCIFEX0A
496,36484,DymXN49njABx248_hYbFuw/DymXN49njABx248_hYbFuw
497,36419,WXS7Ld2m3Hte7oF72k-i4w/WXS7Ld2m3Hte7oF72k-i4w
498,36416,v6qI7E9vYBfwISf3HgUhNA/OQyNLT6MwjF1RlYiisEJyw
499,36349,VymXmC7knpZ3bQM5h4xe3A/nTu4lfIr8K-pWNaMKlje1w
500,36337,lNRjP1DpyQuSte7dK7X4qQ/lNRjP1DpyQuSte7dK7X4qQ
501,36220,Yyotk58kP8YCCYxcT39C2A/w2-1ssPzsvsk-2nxXWaxdg
502,36178,jTEmxyMXafN_iBUp_VDM7g/zF61NUdLPtmx-6VKOzhOtw
503,36163,XeY2Qa_vDzjBAXVoa5WzVQ/T_eG2Gajr6K45NTPNqWdkA
504,36077,2bL_hc3RIUujEgCYopaKRQ/M0wVLlSXICEeUSXPssb1Ig
505,36001,lomLuFRPpWsDwIzcCYhsbA/t6P1WLqoq4rbOLhzPGAbjA
506,35933,VymXmC7knpZ3bQM5h4xe3A/cYHO9FEK5Ck1Bo2DcOvK7w
507,35865,7qBbkmZHw3V1fbW1d0oOsg/0fsisFwNNAHA27jnOHyn9w
508,35864,PbPbBu1C1t7dQ15v0aSymw/PbPbBu1C1t7dQ15v0aSymw
509,35847,oL9qHznR3vlsRs82URepBQ/nR_BSnTXgvEdc48CPbHPrw
510,35804,RIQGzqsxBu-PrIAniUoC_w/d_byxKL3iIiiaB2NgEdinA
511,35682,m-hOVjzz0wj_EEMTjRjMrA/5fsM2hL5DcQ0Ekfdq1TR2g
512,35672,LqlRDDf3-J5JQf919i8hyw/LqlRDDf3-J5JQf919i8hyw
513,35504,y7RYG6Otod3vm0Me7yZgzg/y7RYG6Otod3vm0Me7yZgzg
514,35455,6nF0hjjcRy-xApndCzWORA/CY9rzUYh03PK3k6DJie09g
515,35431,qcUILOIB3tkA4PhHlIDVKQ/019-3I-zaW0GO8ZtJwpE6w
516,35393,nFSdrJCClCaJJDk_-m2qdA/GkxUysfwWXhr7X-nDWepDg
517,35280,5wNbtpU10IC_-w3Mompsog/axNa1DmkNPHR62IaTxGDZw
518,35242,Ciwk_tgmtnUJ7Z5RXNavQA/mRBZa_C1tUElXO-ldGu6Sw
519,35242,fVMPjbU3-drRZ8aYke8VEQ/cSy3wY6rho9QJQBSaVUz-A
520,35236,T0_dwl9iHkZVIGOFCGdUkg/tIIrXT97vz6QgwyLgJ1zZQ
521,35225,c-7Ct3qI5NLX_5vkLX90AQ/0OuBf_NOsDAFd93T3f6F7Q
522,35220,nZA8zWghL4X8LnAORzPlLw/T7V1IIamggE7WqzQC8kT_Q
523,35187,fAtM2llAIAxxutgz6ZGn9A/fAtM2llAIAxxutgz6ZGn9A
524,35075,YnU8tcDUal3y9ZmBjJfLTQ/Wj1wx9ZqkxjDSx_1T4nKbw
525,35059,JmQRRFvmzPwsmhI0ZAEv4w/bmiqPImlQGKrfGzTGzMWOw
526,35050,Blng3ihygUc9pNhZ8LnvNQ/Blng3ihygUc9pNhZ8LnvNQ
527,34982,h_ZNXAzDSL9HzRfJEfQ5bw/h_ZNXAzDSL9HzRfJEfQ5bw
528,34943,UJVdSyAxJx-P2hdkwaZqww/UJVdSyAxJx-P2hdkwaZqww
529,34909,1e_zrJhEPhOaFWois09KUg/_Pal7zuSTfiuKbjF-HIY5w
530,34880,qP4Iqi480A_eYm0UeMhqlw/Pg0uzOBWBkUkBpsQUhFmXw
531,34825,L8Aex2XsDLPcxVkSbeILMA/cK0szhCTCiALtViezf091w
532,34702,4b_XYjIeQJzuSsC26EGWPA/9VY0JYt6nZe47aKobwCyNA
533,34694,PKsdZHYTAOR5eBQRHA8Grw/LSYvKqTyo6dr6MwAvGFk3Q
534,34692,MCGAjiR89Tp1f_tWZw2O2A/f3peyTZ2xSn5jtBwnXYpLQ
535,34624,sdJgBxZrGacBeivlyJVimw/QBNX5Xx2WWc5O6ORozjomw
536,34568,Ra5LfAtD5UMFQCViJWaW0w/QlgiDmzWhl6Nz0EPAifwEQ
537,34550,BbYFPEGiEwr9b8OxWL2k5g/FHVPE-UoDF1J0q5TbC1X4g
538,34542,lcGl3pxqJOieyJNNeeyAhA/Nl0Px9Ygb_JuLywqeMkalA
539,34447,9-ojITaUdq-LgA4PO224OQ/_hXMBb9_NPbkVn-DV4GX0A
540,34355,qO9cRC2FQfMeG6D-Br3oUQ/PA7dt_zzwcPGyLxWCXhlZg
541,34326,ItaoTAewq0THp2jkGCHLhQ/_vx4xAtbh1OCwZzIFFjaDQ
542,34270,8Rw4Rz9wjwNEPN2i53tLlQ/0vu6QBefqRNN0cXDoBmBCQ
543,34179,OlgPFCIDZ38fC8MImPY_Uw/hRwh3bUr2pp7hf7XBG1XHQ
544,34139,cpXv5EW6OwGh0pJ-XtVRQA/p0rY36zU-YXrOXdRdhXOJQ
545,34069,xFFF6oASccw0LZ10iN9kbg/xFFF6oASccw0LZ10iN9kbg
546,34040,GTHtNgyAcNlLOps7yR3bzQ/3og70qja4NX5ylBfpWwb2Q
547,34034,DAjBaBGxX7Ls5vGDCxMGJg/uOCLsd3iuQquCpqBoCOawA
548,33976,r40NrJJHpjVy2lD8JFiw3g/EUlzC-SYzQlGAC7zzZEfog
549,33948,qrtmtsSP0_TF1-hiEGDqyQ/qrtmtsSP0_TF1-hiEGDqyQ
550,33881,m7-TRH9XwHBGEN4ftEQkfw/G-HWYwGMko7HRK7-iO9fIQ
551,33870,RIQGzqsxBu-PrIAniUoC_w/tZspZEBnB2zOTfD5X7IrXQ
552,33868,cP9LpcsNYAJb23ncAgjbPA/h_JqWtVx1I6VJRz2e4MWsg
553,33858,N76Nx1qvI79KCXFCD7nZnw/ewy_P_zjd8muVGvp5yQ10A
554,33711,Yu8cvHfSr0c3dOhof70Biw/_9SGejlgC41OIZsEbxjftQ
555,33644,-iwZateOfGEjZLOK7GDu4Q/dLVlhloZLMhpPFMNSOs4Og
556,33589,doQNUrl6BEIxCLiFg1qlsw/JLwoEkp8OjFiWENtC2WTnQ
557,33405,uGauIVUsEVa0sBdufGFAjg/uGauIVUsEVa0sBdufGFAjg
558,33349,ERYsrvcyxYnJWrmj_mElhA/ERYsrvcyxYnJWrmj_mElhA
559,33258,D9gMcXDS_6D3csKgLZq5pg/5-lqaGuTKq8yGoYP78vSaQ
560,33254,6Rxz-0WxNs4djew8UA060A/YmCOCK3Cmo1tvJdU5lnxJQ
561,33221,jvKVly2QKbhcNl_Z_-4n_w/jvKVly2QKbhcNl_Z_-4n_w
562,33219,zWSZMmRKYT4sRd69-ZtUUQ/qA0snRKSt8_DeYiOBL9t5g
563,33188,gq_2QLG0XV02qLPUzVKScw/oW2sIZtsd-HPuk7R2r-aLg
564,33146,CfzlxCGqgm1WOVViJPyXVw/6dh7Gpo7-t6BEn9-u2_0FA
565,33100,BbYFPEGiEwr9b8OxWL2k5g/E7Pz527QGKEFverHeqiWfg
566,33056,gsK2lAwasQxHGG1I2LP2Ew/e-YiLy8P1IlZbuKqiAK7WQ
567,33052,yruN9FS_o5lM6Uw98pGX3w/SKGRaeoEImOiiZzm90f-Lw
568,32933,2odpHMvtFlbYHFHT-3o_Wg/QOr5And591ShRKD0T9gRkg
569,32823,2iCNnL1JJTzHUnHGwmnrzg/2iCNnL1JJTzHUnHGwmnrzg
570,32822,9CkNBp6RnN5oR4zknulpUg/bloCA8UL0D26qjc9-YGSzw
571,32752,DXUQl8d5BBrhwGo5eU5d5Q/iS-SlfdKFS3N_iSpaYLX3Q
572,32674,NYU3dGWMfoOjxhAzLqmv5A/kAKrLFx1W-nwTKbPq_zHKQ
573,32640,rzRfNp8yc7EXP9FuaY6eaA/Y2I5AMi78hxwbEXct6LAgw
574,32594,APM75qstgVEOod4f94qL3Q/PvzpVcK-1nWUbPowz7jbjw
575,32542,JsrncYwyGAp6D44Z1tQKWQ/h38SI83CaZogHxRdghQqcQ
576,32470,kAnOI0-_l2nnDLSOWBalgg/kAnOI0-_l2nnDLSOWBalgg
577,32407,5o38Yio715uqh0Mm-w_tVg/T3H7Z-lWPKCvs_GG0qgX8Q
578,32329,AC_vHBWs5oS8AEyxtRkIwg/j3XbDRUDSUJ8ibmrKxO6mQ
579,32163,BxCqy1SX1JluiwfH9N9Hww/8fWOjAayphzhPgwKqUc6cg
580,32155,eBFucFWghxq0Y6e3xhMCAw/EFR4lrXsh-U1EHhy1ieVKA
581,32142,kn24a_4eoyX8xSiTmhBwuw/5_YNe4U9RMspgieKYTI1tg
582,32129,R_zXM6JeiL3D5NmXyuIljw/-1nXN-kukUAZKkILNiOpvw
583,32045,K2JDRDiFHipad-3gCABfhg/rFcnhk-hFRGGzEO9GIT_xw
584,32025,g1VsJFpwdFpxnHPtaPXZsg/JfazG-4pkvVH2gD99kV_Tw
585,31888,1e_zrJhEPhOaFWois09KUg/-RzV1h4eMxs2D9v-VliMvw
586,31762,kjerrEK1tnVTn3aFCu0zVg/asn7bmk3RQG-oLytl0nApw
587,31724,EUZTMBkEOmLHuEw8TRj7ng/EUZTMBkEOmLHuEw8TRj7ng
588,31640,_YcTRnZNA4zCav31G3NbLQ/uONtkbFSawxxLbIyfHKIng
589,31609,8Ek04YayN7Xm37eYRYCnGg/H527GezYyjSKS3BFQiEQ7A
590,31543,khev0udKJyZHehiYi6Bu5Q/oMwrMi6hs77KoiS_QEGkPg
591,31502,ApZeDQvC-veHWlifafC30A/9fl8kq451JpPqH2X6z2J_w
592,31475,_EKL-3RMIpDQ2d_QQMj2qQ/KyWRsXYKxR8RNB3KtB744g
593,31469,ZU24oUpfYzubqF7JLcUffA/ZU24oUpfYzubqF7JLcUffA
594,31431,BKLipbAApxvcV8YQvUZSkQ/BKLipbAApxvcV8YQvUZSkQ
595,31413,zg626w-AwNr1VK6lko3t4g/A47Ep_BEVIvFh7n0P7rUWg
596,31403,tu_WBtEY0PYgZuMUGf8EzA/qs1-g7Oa0Wi_Z_kQVf7zoA
597,31367,5kzmXfhGWj0USfD9p52-3Q/Zeq5YWBr_9-EWXsmEzzvzA
598,31291,EOpZDTTNNRz_LOTTT3VKAg/EOpZDTTNNRz_LOTTT3VKAg
599,31291,IxkG7JyJXSRokhzwB5OjfA/mstEVJtBVjaXu0kBROxiWA
600,31273,p11FI3fzmWvcS2I6XfJYIA/p11FI3fzmWvcS2I6XfJYIA
601,31205,S2vbGZtOfEjxoRMIhUBPLw/S2vbGZtOfEjxoRMIhUBPLw
602,31128,sF2N2CqfSnyR7P85PFHrpg/TkkZ64QMArPpHSdB6k8vHg
603,31096,3cBi0WKoZp_oGLRNqm_Rkg/x01tbBoJhkMQyPIR5IxtXA
604,31088,TZKd4TC1k1jdJ86gGjz_EA/TZKd4TC1k1jdJ86gGjz_EA
605,31051,3d-B6aKUxUI7k9jnkAB-7Q/JRDDkBHFvnBBgkI-OmlekQ
606,31050,dfV1D23Wr77FewkooOwwaw/7lvO0lKrd-yNYzwa_afF2g
607,30998,s0F-xH7opKPzs94YbsYdOQ/8xJe-yGoEY9NJbe1kuxFDQ
608,30969,wUwXPHo4UAQKvZ5t7MMGYA/xey3HZOdSCuqanRIfs7l9g
609,30968,ulVWeizapWXGL_jXH_kCmQ/bvkWG5AGMmcQIjWCFsff5w
610,30949,sL90t6zWeGrWt3yVs6qJ5w/D0VyYxZ0284hmQuWMDcvFQ
611,30886,DSc3_UMnEXaHpk-ndBEHRw/DSc3_UMnEXaHpk-ndBEHRw
612,30820,xauMjx4zACEkiKMMEDkzkw/au7WHO-evqf5-ZOqpQtklQ
613,30793,GAuBpYym3emQq6dhtymfQw/GAuBpYym3emQq6dhtymfQw
614,30730,GHiveXQT9MT3otetyX0Z6g/5RniP4iUIclB2TLR6k_KJQ
615,30692,1HfBvgzXfzKZFjo3SfMOkA/1g0KprTF-FCeFb-JuHBL1A
616,30632,0YuGJKD19yHae4I2X8Vi3Q/gWpl7HC8bRe4tH8S7ASf9w
617,30620,JsrncYwyGAp6D44Z1tQKWQ/CqQgIku5EGGsiqziUAtpkQ
618,30598,WuPeOy8quegmAMFrrF-wUw/vILElRDoJsPL0Wa7oMdHbw
619,30589,Gr9Qghyji9LK-EA08Aj-cw/FNj4qe9jje_M5YVnWN1PUw
620,30576,HUVSEeYir1uhZ4_znR-K2Q/mR3Rt6n5Tr8yNH-FMWz5TA
621,30531,9i6WkCrYMECCqqIzKp3A0Q/NSEFph93jcolkrRzDBiRVw
622,30510,XnQpIDx0kJXy9_6yLUzDhw/Hvf9CqBmzLhb08B8DDfn-A
623,30486,I7KWrt4LpodNclPEl5HM5w/sW3PCwTasyIoRH5q-0zZBA
624,30455,pv6IHOzT-3ZgCDrqNczkMA/pv6IHOzT-3ZgCDrqNczkMA
625,30441,GJ4vjMO1FJTBR7FLtPWtCg/lFVBmvSjqht3x5YQnxmIuA
626,30423,PaSB0TP0XR11kL-my7Zlhw/Nq0yv4oMhMKrAQPoXua5YA
627,30379,L8Aex2XsDLPcxVkSbeILMA/vSeTZPlspcvKeTidVJ85Gw
628,30286,FSfoiHZ83OFdIAuHCznP0A/gxZdxNOECwrf8dAUDYdPdw
629,30244,oqszGqS3OpKYkO4_LbqECA/pQ6787ANsEn4Q32DI7CIwQ
630,30206,X89V9BmI1EycX_7vc9jTSA/ooSfaO-g70S4EZ8G3GIU7Q
631,30204,jsamuNGdKxtIhw4iyR2RRA/IzQHeOSCzwJjbof3Pv4pgA
632,30182,wpdFeo3wu2knpAaFfcqG5w/k-NxQdvhDdp8GKdgELBGcw
633,30152,5PAGOLihDmmU5nry-DLVHA/5PAGOLihDmmU5nry-DLVHA
634,30149,431w5RIbrGJfl_r0lWLB5g/pak0aJBxDfDuWfVoYOVkRg
635,30145,PSWsg5RIjKSfFI9LvZ4pBg/aMCLEYovFxzTH8dsbjE33w
636,30120,THXLjsX3x0se0_nj4-ux6A/fH0rnoOJzFQdxaYV4FvPHg
637,30057,PNE6J3-8L-pe9kNkyLb4Uw/PNE6J3-8L-pe9kNkyLb4Uw
638,30030,FAhkB4rsocfDW0vrM8U8NA/x48tfDezFe8qzB_Gbe_tMA
639,30005,R53LTJ3gpksRk05oFlUXsA/1ZSIMAJVO-12_3zqVNvhDQ
640,29996,kFvDODe_Ap6AuUTZ1cTOoA/LucDL43LMFdXzupE8TIRtg
641,29944,4Q9OtKGrW9voMzXGucMefQ/5TElJ1hUQCQA90_Wqz92WQ
642,29936,aOHbZMn2q7JmhIldU0dEIw/rxpjaaOhQt_HL6Zt8YAHrA
643,29903,bc2bYdmyZjhDjq8WxW2_4Q/o5B81GHYc5qjJmBHvEuMDA
644,29901,lOuRDTANC1z2yWfYZ___bA/hc9ObUKnHmk_14DIsprM3Q
645,29857,exexHv_ewWKYM0WZC28a2g/exexHv_ewWKYM0WZC28a2g
646,29784,ARlvzBqrJxNrk9zoXwVc8g/mTPZIw8yCoequ-XllDJDYQ
647,29752,RdqJGzO-4cQr90pCmvLRiQ/gLdosVw2k-NFpDa53A6jbw
648,29735,MCGAjiR89Tp1f_tWZw2O2A/_I26c6MGCDrgGr6-hOYX-A
649,29714,_KWDYhNDIuxNdPdoEnV8bg/XdXhTmXu3j14HZ0tr44usQ
650,29625,jtGncbwjbCh62Txpm_3S1w/jtGncbwjbCh62Txpm_3S1w
651,29589,hcaTInVuAf1KeiLeVeGXQw/kf-x8npWqzQdNY0VBpd0RQ
652,29549,PEuTkIeBHzKFdeNYRDpYgA/PEuTkIeBHzKFdeNYRDpYgA
653,29501,JsrncYwyGAp6D44Z1tQKWQ/7iwenjfbyqRHtfrDovfgfw
654,29465,dnTQbb_NSZIEi5oCNlAkYQ/zU8cICSaFesaURLZHbnl1Q
655,29441,UsZL0HAETJxVNhB5sBZNkg/SyZpyD6w7ww1sGTyJVDj4Q
656,29437,0gg2twvaoGedPcLHUhNJcQ/ZgK76ylWwDX7TLXoRKSGGw
657,29344,uu9YoLoEi-8mkChYuQUIyg/uu9YoLoEi-8mkChYuQUIyg
658,29236,UbRDeTfxPgWrSPTh8AaBvw/AnoyNBJfis7d_p0yAjIARQ
659,29194,88CxV12tyAdD4LvTvtL18Q/Pe3McGXkDwkpESmz--Uvdg
660,29155,_eR3XdX6eXVffZ4chZ8Xww/7lvO0lKrd-yNYzwa_afF2g
661,29146,JsrncYwyGAp6D44Z1tQKWQ/z_VJcSEQTCuODLQe0gg6mw
662,29092,yfxePiJ7kpRX-DxvHlAEyg/FT3fsVrh43t88ASyAcPj_Q
663,29092,uZcvRsHlJ5fWYjaxGNKXCQ/HNa00FIBAAD7-VJpwvPPTQ
664,29059,UjIFTsHK2j0sB5rzF1YT_Q/UjIFTsHK2j0sB5rzF1YT_Q
665,29018,x_b8DsFRgHAijBr4X8LCyQ/jLxrp8i7oTPOK8RHgNiHQg
666,29006,YcMP-kvR7vnLX2e3ipOVvw/PhwfJunmBLPImotZ_zPz_g
667,28993,3Yy9HZZYrekxvpJsNsde1A/fH0rnoOJzFQdxaYV4FvPHg
668,28947,UWJyf6rhuHr1t6VqewJSJw/dCp2BGmcVoqhmg3dcwhVdQ
669,28927,VemkfETAeqVyhw0s77AlUw/VemkfETAeqVyhw0s77AlUw
670,28844,mEriIFlpr3ZOggobwyMuaw/mEriIFlpr3ZOggobwyMuaw
671,28808,mZvGsYNRu-gX0m9Vm6QIrg/f6QnZSG7y50vgX3Dwn-ywQ
672,28765,hy1zLnr7fNoSUsWP4YkiZQ/auX4W-HNPrs3HceaUK68Xw
673,28761,tNoTrAsC-bnIHSOewpbnkg/hkvnj0cYJXinF19iDoyxoA
674,28753,oL9qHznR3vlsRs82URepBQ/T6mNwEqdewiht6vp7iW9Bg
675,28713,-1vr4bffSOZgb9_-0s-LFA/KjaJ8N_PfiPY5KB574VWag
676,28642,MvoH47fLfie7aVkrC490iw/GEqgd98IuQrJ_igszqoyXg
677,28628,Z7BT6V2rwc1Yyq1NgDZC6A/UuUC8yke7j5HWZujOEM9jg
678,28605,xauMjx4zACEkiKMMEDkzkw/c35FTIzlYLXWyR-HjhBYCw
679,28605,HXXGDX2cQX4ReGrZ02HJ4g/WRvCl85NRqRA8LKmoXFkcw
680,28531,3YeyMuzi-AcyVPShEaOqcg/3YeyMuzi-AcyVPShEaOqcg
681,28530,BGOPdmADKN1jKHWj4QQzEg/MpjxMEnRnP-qN8qTHdTUIQ
682,28527,t03ZRR0lfCtD8mRKfulXAQ/UAifF03K1mh8itGdksphjg
683,28452,D8_vGeJ0d6HY6g75hJn0zQ/oLU7rUmE1TcSjzw9blXuxg
684,28403,82IvZBln19rRoW46UUtn8A/eWq4m_ZVPtyrex1UsD5i5Q
685,28398,PHlycBAkgMtNEgfR4dB6Mw/dJD-F8rsNz8imdZbbiDogA
686,28373,4W_sl7i7rx8E1y474HXEfQ/4W_sl7i7rx8E1y474HXEfQ
687,28362,tgG2aXhpr3jK2sPTr9AmFA/mSYyOIKpU29f66bd1Gcsvw
688,28341,OlgPFCIDZ38fC8MImPY_Uw/DbobO4bEOjNuYucbWP_3mQ
689,28224,f-x4sMpyP9emG9a_u8NPjg/V0cKqp4ira76x_XzQvHG2g
690,28220,kdTTwuqK9adQ7mkgVPQE1A/kdTTwuqK9adQ7mkgVPQE1A
691,28193,S0tmGkCzEoDB5kREMvu-_g/4XQYmY5bnCTfArUX9949Xw
692,28176,dScuzqKc55jLjeGb6hp0tw/dScuzqKc55jLjeGb6hp0tw
693,28171,kpY6vTbIlrk6Nrjilv8zhw/2NO8__siOqv3OXNFFUixLg
694,28121,XRQnHHmirNFQyko4RR5Gzg/TrZkThvQHwWCnz4hJDm1AA
695,28005,2-scMrZv13F95YPZmfieww/H2msEZfbztCzGoVyp8AvMA
696,27926,FJfZi66nh-tqimdhRcRCEg/14J0WpwqdLgBZ0hqWEVlbQ
697,27889,GdB7Hy63vY8MjpZ7Io9X0g/GdB7Hy63vY8MjpZ7Io9X0g
698,27841,OSA4M5XJcS5_U6U2uanHyQ/CQjrGMGIlASZyXbkOpUe6Q
699,27757,t8yx7p6vpK1iruUtW47GDg/YUyfZFf2iWwIPOKQXU3OUg
700,27755,eS1G1y87x4bw2fc9VeMSHQ/1OClZOKoq1qXeXGRSI6tpA
701,27703,nfCDyUQpZHFkZAt2xm6xgQ/lHVuqX45mIKxIdqLst5V4g
702,27700,kQ85hHCysOmfNPq7ceL_pA/qySckDnzRRF1QTRzx7w_Kw
703,27653,Zz1PBJ8Ns9GISI9EdHeWig/Zz1PBJ8Ns9GISI9EdHeWig
704,27582,ON-SytZUvlV7Pidg5PvBUw/q2OnY2LDlyrIPVy4gw_bUQ
705,27471,unC5dCJm1AqAK0BGRXmboQ/unC5dCJm1AqAK0BGRXmboQ
706,27459,fvD1QOHtdFLY8ixsGgTZWw/fvD1QOHtdFLY8ixsGgTZWw
707,27435,RIQGzqsxBu-PrIAniUoC_w/l4XiV8_9-NVQFgG4tiULXg
708,27425,AQusnYvMfTxQH-hgcJqEvg/0b76A8ecoLhOzEiN6pa8aA
709,27399,JLXrfeDK50nBC1ShdLAW3A/kBcrWiKSFKQxpDUsZoZeiQ
710,27395,kPmbC0J7LpKcd61wFEvq7g/uQj3R7COfdxA-31cJPwakA
711,27367,31wsXCmnlXq8ywLGBvWTwA/4vQyWctj44ue2NLSSvJF6Q
712,27344,A7wjZtqlAtFt-68oSmQi-g/jgBZatjeIhP_j42EeNU2LA
713,27297,kO5KhLW8Iu6trgSwO4KHWw/V-WcONwL95mBlAVmJH89Tg
714,27260,3Hadsz8Cjk4qCzkDHLM3pw/-B_Hl8tW2s2aBtG-xdDtUw
715,27259,bNjOwQmmnBjzOQWfYVCQaA/Mn8AA6gxB8tf2FKBcS2Qvg
716,27226,ZfNZYn9e7-ZnNOp4wBSPXQ/zjRkLmyjGB92mIgE0zVvBA
717,27165,YhfAf_Fp9qsusnMfhVCV8Q/xwfmag0o9ln2DcJqcqn-Ew
718,27147,wE-umOLn28Cn_E6WMBtFSA/RggwV3-2FV1BK0oj2iJurw
719,27137,1QJ6wiFoFtVFLBQHfNmIoA/AhoXsRsycKkAeZms6mTbaQ
720,27133,JsrncYwyGAp6D44Z1tQKWQ/jQaMndBvrISYnEiqi58WhQ
721,27048,46aruwlod-BR_9KbQ_4e7Q/TaS9eq50rCQDrWb0aJO4dg
722,27003,kTaTA--nJMuW9KNEvOEM1w/HpVHcYEyENpWc_Udp-Q5TA
723,26951,HXXGDX2cQX4ReGrZ02HJ4g/xwNh3cR52nMDFhaGA_MEkQ
724,26936,dQVi2f4eNSQBT7_aRWofew/GnL-tplu2kVhILoiTCC6Sw
725,26929,0oBKdInxkYWpVUI8_NuKuA/XQGlbuYeXD-4lBBh3lLlqQ
726,26912,gnxRY0NjyPL4Q_8RkR0B7A/gnxRY0NjyPL4Q_8RkR0B7A
727,26874,mPeYSRApbxwFVCejAl05dw/krXvqRogXQa3sGjW16VwGg
728,26847,Cvb6nsfoDFJU3Aol-TlOLw/AQGu8bqAwCTMNBJgD3I1gg
729,26681,UoagoyJZSBA_dYYvk0z4sw/4DI5sn40pffzvec5RZ3VNw
730,26677,f8lhCkN4Sh5h8yr9fFvV6Q/rq-nWHFk9yD1hsD0aaJFKQ
731,26614,iqf1nRXSrM-SHqcu_7xL4g/9bIhQfGJcp6ry2PH8eXRHQ
732,26598,cFZ8fs5wIHye4P4NJ0V5ZQ/4mDqtqfEXROWMfcrVdhQaw
733,26582,_8zFKzk9aps2brf-Pf-atQ/PBIxlP-bOlOImoZ6aY_xpQ
734,26570,O-a0L39GJ_vvzjGK5ComKA/_DX9xw1fxp0mmIOoIselPg
735,26556,olKfM-5ysNFm0IgZZT54Lw/olKfM-5ysNFm0IgZZT54Lw
736,26551,02tUjEx6I2kkn7TMDi66Rg/qivacV2G7__B20Fq8zif4Q
737,26528,_B6NFC7fT8ex3gYzpTZ1Fg/sl_6aK12H4V4zGFwDAFA7Q
738,26421,tqd_P1vq12pJWpDWNwPh-Q/jpouVfgheEGPGC_MGj91gw
739,26399,DEFwBDxx6l5vho7hEdAmzQ/DEFwBDxx6l5vho7hEdAmzQ
740,26305,VsFPR3AXn3uelfYaDNDVwA/hqG5B9VL9wEDlL8xbhg-Zw
741,26231,MSAb_3M0xKhglHZc7yHpAg/f_G7Tx-R1BuhSxZq0SU8uA
742,26220,mXWYkEfoKBR6WmDw_MmFTQ/mXWYkEfoKBR6WmDw_MmFTQ
743,26215,tAsrXa5DH3-AVyEWsLljUA/FSfoiHZ83OFdIAuHCznP0A
744,26187,OSA4M5XJcS5_U6U2uanHyQ/-sKketrOBZr_ETKDoD9nYA
745,26163,eNUWf_hMy7kf1iEc7bRWZw/uW-6e9XFDcfIgJTo0XNyAg
746,26139,stF5pUvY9KLwgOczy346zQ/Ai2njVlBvJ47e3A5lAKp5w
747,26116,oJPz324zNdlbiTBUSQLP0A/oJPz324zNdlbiTBUSQLP0A
748,26059,WP3S7bi8apBjSTWpbp0zDQ/Bs6ZQvHarBOOvkwd7ysrPw
749,26016,4KbeSxiEAoWPYozqGMay7w/pmUnuNZlOxrny92FRklc_Q
750,26007,Y2yiq6mIESbJ5f2Wh_pnEg/J2cy3l_YU9N7DUIppxcvNA
751,26001,fVMPjbU3-drRZ8aYke8VEQ/AasZ3nDqjPK5KrMSlMAMTw
752,25982,wcSRYdoouv7QyJRBr2D7fA/mstEVJtBVjaXu0kBROxiWA
753,25977,YweEEDEzwYNOQ1njlsjI-g/paysG2qI9ihelcNoNAUsHw
754,25963,xpbsMoTb8JKql_7627fSSQ/lTNZ1C7LQHdThY2kORU4hg
755,25962,2D1_PCGivmPvTij36SYFdw/gPiHfJ31iEMGiflN8Xh5Iw
756,25962,pyTsRXoYUEByfDNkDviwcw/mstEVJtBVjaXu0kBROxiWA
757,25928,JmQRRFvmzPwsmhI0ZAEv4w/-63p42o_NtPWdsG4CEUd1w
758,25905,VOu-Y59y1OaDqC6rueOtgw/VOu-Y59y1OaDqC6rueOtgw
759,25903,ylxc4LqQ06IAs3VZdXRnBQ/7WV56u3Q5ns-1Rx-5wcQRA
760,25890,TxvRhsCXa6GWkDoNVqWUrg/od1sSxi3azo26m71FSxiDg
761,25852,pk7SG-Nn6tGVG1OlB1oGZg/YJqH_ADvIN-m7rz2ji8ARw
762,25791,BwRtKV6L7dD65WZkWowRIw/_btO7EykUZ8yo-UskX0IOw
763,25748,0hCwaIFf2DzM5l5f6C-QXA/0hCwaIFf2DzM5l5f6C-QXA
764,25745,G7pk8UZUorwGg96gYeJwJw/XuS4Y3sVrgtlgpIVc73DDg
765,25742,IAVSUrrTJb5wwync7nZxlg/jPBKlzQTIwL5bajhE-gM5Q
766,25691,1j1tH2aac5F55FxriYIe8A/DgHRFLWtiGKOrOtHKCQoSg
767,25691,vksptFR3lPLM6kQ0DN1OTg/fQ7cGXFGKD43MTtARzeCRg
768,25608,9vsoZ8szzW_ozM5dc6Kabg/OX1ihfR8Ao0yNbpJOnZFmg
769,25592,yCLBtjhT7Sc7iWh6xQX5-g/SllpkJUhyDaDKfIyKAh2vg
770,25553,RVb6ItUbmwDJ_As0euy7mg/TJ0xEOVFQqc4_SXUalRiIA
771,25475,FvKET0Q2bUxIyj_f_28oTw/2ZZbMJRcXZ_5czQtDCE3aw
772,25471,hHX_ZEZTGDeFthPNxPZU5g/30j-vUWTMs-6jaLIbC5HzQ
773,25445,_w7GlzzA1SYdroP5QeSS_Q/_w7GlzzA1SYdroP5QeSS_Q
774,25438,EytsX8kZPWrlgCeuMCq2ew/EytsX8kZPWrlgCeuMCq2ew
775,25357,vR2yczfPCU4b0r37RIQczQ/t-w9eS7qS7c066VTjPJyTw
776,25330,XXODJOIYnY6aHDl0009alQ/_A4sbaRuiUSm0uCMcDBcaQ
777,25250,pkwx7Hx_S2pY5wi0eR6u0A/PvzpVcK-1nWUbPowz7jbjw
778,25131,JsrncYwyGAp6D44Z1tQKWQ/6ZJ9dg71vcDkArRluUhWWA
779,25099,2KxsHrflqnhUZ4DrYV2Y1Q/ji3P1-fiSxynbBGT9kWQKw
780,25097,zyX4beeUJ7hOs5fnfuIiMQ/1qvVt5i4rzklX1K-5NiUMw
781,25084,tu_WBtEY0PYgZuMUGf8EzA/hJyCnWWLqu_1EtdmsNs8zg
782,25054,FgvCzMMFX8v4uFSExY2_7w/Bn1ck4fL3IAbsAUJm-sn2g
783,25048,-JgZhim7aG8d_D0ayLE1Bg/-JgZhim7aG8d_D0ayLE1Bg
784,25032,vD0uV5LW1Km9JHSUpFan4A/-tDOIhyCbu3iU8sJVsoHAA
785,25021,BbYFPEGiEwr9b8OxWL2k5g/bWf3N3gXb--NLPxpfgPVng
786,24973,TZKd4TC1k1jdJ86gGjz_EA/P71F62v-4m6KF84wtIGFTQ
787,24928,v9OwWaJPGpos5RIOW_r5lQ/Bs8LKryVJDNkbj2vVRD3Tg
788,24863,rzRfNp8yc7EXP9FuaY6eaA/Cw8TfxesEJRHFgILAY-BJg
789,24835,q4jEeh6w18Q1_IKiUR7Ohw/xcVRIBcK4AndBU58dLcqUQ
790,24832,jsamuNGdKxtIhw4iyR2RRA/25b_JnBqGj1ZXstnJmwtlA
791,24831,yCLBtjhT7Sc7iWh6xQX5-g/Ncz4-NZvn-OgyYa8rzkHqw
792,24815,LNeU72y9UoVLWsxBPVJHyg/NL2rXlYqo_mWesU5Tz-Etw
793,24784,uq0sSOZvvBTGEzfQsleCIQ/uq0sSOZvvBTGEzfQsleCIQ
794,24761,_5HFWhSf0XLe18FxeeW-Bg/tcKI_4HpMX4sO2fBMYsfaw
795,24710,OlgPFCIDZ38fC8MImPY_Uw/QFL-68uhGoJfMtENrHYW5w
796,24700,vwC82q00J9rH7lBLzZEM-Q/x63xBXtNbC2tgDL-UM9_pg
797,24630,M1iJ5p4Dzv0EG6vvGwKguA/M1iJ5p4Dzv0EG6vvGwKguA
798,24570,8TbtLuWPx5D6O2DaPSvoiQ/y5WQkfUti5GvO_3XjOgwVw
799,24556,RDp8ZVVVlNQX3EJXfKgv7A/LehTtUnL2dgPRmqBqMXeMw
800,24544,JsrncYwyGAp6D44Z1tQKWQ/bwMXGy3IMOiooTNyEkF8dA
801,24534,rRsH86VZwVKbo1cz4__Kgw/gaAPWM3ywf5gCgozl7IzzQ
802,24462,24UrcYJbci1-DctjHXdBTQ/24UrcYJbci1-DctjHXdBTQ
803,24455,yCLBtjhT7Sc7iWh6xQX5-g/2gRsMZYVmlSEt0yUes1OkA
804,24448,sve0DSHA4vOE5itz3iCx6g/ltwGA-coZirKijZA9rQT0A
805,24379,itanERDJdpKOnL-g-oFvbQ/hQySjAC78el1giE4s9VBmQ
806,24374,UJbZBU5CQ1b0SqUYrDNJqw/UJbZBU5CQ1b0SqUYrDNJqw
807,24363,4e6rEXbqYQIPaeH2G6CUfA/9yAjA4XllSyDJBJhatuayg
808,24333,FAhkB4rsocfDW0vrM8U8NA/Eim9I8H9Bsr6t-0K2WfdUQ
809,24268,rQu9pc8RJfrb63DN4YizUg/uTzAkyxH2SkBLfZCQcy_cA
810,24259,2-scMrZv13F95YPZmfieww/Iza4BmZXatDZ6Pu3ApsIAQ
811,24203,bQaSjC_JRg26X4-YjFsu7g/zwmf2si_I4sDKtIBZTFwgw
812,24185,BzfsoiFrZqE4ZAw2rb6AfQ/xsXrJBoVKd7JFWTPRd1Lmw
813,24144,pREQLt5TJLtLY3MQljqUFA/pREQLt5TJLtLY3MQljqUFA
814,24081,VhDGeeBVSBbSvIaD5uPovQ/7PGvi74qMCDZb-fqlxoDrQ
815,24055,A2uZLSWrzcaVS78XNTcktA/A2uZLSWrzcaVS78XNTcktA
816,23998,FAhkB4rsocfDW0vrM8U8NA/IP75464N6XShMWowgjK97g
817,23989,hu2oA1lc2joUHgFY7qQvlg/EdmXkCHbOayNLaLnPnK-1g
818,23953,4W3a9Pkd9SSye_Ty5LGsCQ/Hky19YTQVaCZI4XBshVXhg
819,23872,2-scMrZv13F95YPZmfieww/fhjDqvimGd0hL6J1S0W53Q
820,23855,c5ABBT5hOYiHIC1BIejWRw/iEZieMf3jF0Pr6psgaUGgg
821,23822,xWZqkqcsK_0L0BoCvzCEpA/MFdt38FE8nyC1o9Qx4CTIg
822,23817,n1ykzhhGcFzfZjiLus94-Q/IuxVbMmqdeSGd2xMk1DsYg
823,23803,PaSB0TP0XR11kL-my7Zlhw/5FI4eA5LvW3qBmvRrqUsJw
824,23763,ZU24oUpfYzubqF7JLcUffA/Sv0SJTVnDSX3lpNw70O5vw
825,23681,MLVgPUZFJs50jxm2X1AuGg/MLVgPUZFJs50jxm2X1AuGg
826,23677,BbYFPEGiEwr9b8OxWL2k5g/az1DGEJxiFufsmDFmCHV6A
827,23663,tNz3GLeSfHf3vKagwRX80w/X5KOucrb1B4BmJmrY-M-EA
828,23642,1b2DPGgsu0w0MR25-20Rlw/RG_dkdKECY8q7PxW0EYbNA
829,23635,5W8pijIAPpLKKrt1IQG-cA/quFafDCCog9YIKETyj_7vg
830,23616,xA2fUy7pxXPmOVSxkGUqbw/Ftw51B5a-8KQTbVHKKDQoA
831,23584,R2YNfIT9MjizIZSfm7fOrQ/7j9-d4x4KCX2yba_K-8L7w
832,23576,yCLBtjhT7Sc7iWh6xQX5-g/t4vVXS44MZG0mV7hArj4wA
833,23564,rvG-ui92LafKRiUzxpU5Pg/mhvVv5NdY_Sixmd_0FQybw
834,23561,h3Kn9mjJ6tHxsVu3Rj1xRA/LejSk8-QB6QwOBRO06kCwA
835,23543,SnaexRrjR3uqjAdCjdKsyw/zSl_5SRo-31gJ2b1yZ7mdQ
836,23518,tMnOnL-2BEFr2fEuEImthQ/n5zmMGtCdWXxUD8FVtYD-w
837,23509,Or9cbm31eLUr6HGvIFQBgQ/LzgQ8te3jsAtyRc7BEsN_w
838,23483,FFwBBaG8R3voIbyLsBL3hw/FFwBBaG8R3voIbyLsBL3hw
839,23418,wzFDFSAWYWKj15a0M9hwVA/vaGQRKUYaNG_9QDZzlCC2A
840,23352,r2map9pLLFE8J7TnDNuE_Q/4C1o--sDCDLJd7pfRoLF8A
841,23344,c4b4e12eEw-H_xJJ0G_deA/aTgKRImJD4pT4O3cNs0TeQ
842,23344,oS5V0jIep1ZoATFCV-ap_Q/nNnUNZX5ruEM84qnXLUThQ
843,23320,4H2jfArsR3JmtfMoxES96g/vmCUJs2PU0QP1mVSJmoxgA
844,23301,MvoH47fLfie7aVkrC490iw/PS5r3tBGyi4_kG8EI1snmw
845,23269,9CkNBp6RnN5oR4zknulpUg/kjY-7mNXOgD2U1tnNQoGAg
846,23265,aTjaKock8xP3knSxrgnuwg/aTjaKock8xP3knSxrgnuwg
847,23264,jIz1U8w9Msoa8p52aWVFpg/jIz1U8w9Msoa8p52aWVFpg
848,23264,htGS06FpHdCTfF2YR-UTWA/nfjc9FEgmMJZ-i7kE5BjqA
849,23244,9CkNBp6RnN5oR4zknulpUg/mkF_x8cru4oEJItf4Gt6iA
850,23223,WRqjHGk5-Tx9dcQRrkEj5A/mE7du8AT4ly7Y3m_aKoFwQ
851,23145,Hkt6v0ylg2gC3rarQxAMNQ/dodHkHuQw5q28W_LMyCJeg
852,23115,Q5Ohpbl2v92ZsyHSGH--Pg/PXp3ZujN6xwbripHoTgf-Q
853,23065,jpGfRIERnvfpt-kFoIyDwA/jpGfRIERnvfpt-kFoIyDwA
854,23063,tu_WBtEY0PYgZuMUGf8EzA/WO2U3D-Qz5H6AcB-wUzD-Q
855,23052,fVMPjbU3-drRZ8aYke8VEQ/1d3eyH1vwgO-xdVBTvicNQ
856,23019,Fomp1Ly-4msqjB28xKa-lA/WqnbxwM2W3wYEKWuzh0APg
857,22996,uZiblkrIjoVSWMZId9OhDQ/pb3JgKvx-_8P81nb_coTiQ
858,22984,0ekLSLWb-Ff2m6o_6AdjIA/IwPQ0A-jRPI8gZJlS4K23w
859,22980,_Gw2F2KFaTZbvXRjuR26pw/AMeJP_TA_WGl_hXTW-YZqw
860,22965,uNhqX4CBgzXixhAc_4D04A/piCtAX6ovZvMa-RP4RENwQ
861,22962,jsamuNGdKxtIhw4iyR2RRA/zNEGY0PJWHe3W3nUfDa-vg
862,22932,a3tlXdIvqj8QZ3xRJJOooA/uFmShLl7GmCgr4ggZUmcfw
863,22922,P3HfkIo76WvcBSqAmB2lpQ/_Xo4uViLiDMtaehmYZpShg
864,22887,vygTLfuIFcqhNCLQFyOuxA/pjInoTf3nXHGgUNO-wXF0w
865,22884,pQP8nbYmsN3dmytfsBmgLA/28LAidJLwT9C8Iojr43QBQ
866,22864,xFFF6oASccw0LZ10iN9kbg/b--Bkn25tKaA7ToiV_nXbQ
867,22846,ASYGR96YA91p3z7MNKjZCA/IkKpfqlvam1MfWfE_xlP0A
868,22817,gXEmsxyjFiPyVOMEIHHnlg/hKRT82D-zyjidndpYo0UQA
869,22814,J0HpaPeoif83TonDrA4f1A/Zxo09neyKVwg77txaHllrQ
870,22802,rOTXfF0nAuKd4WJPQ_WoGg/3tQywmYyLapt_UxfcTyqNA
871,22771,4K_B-gkuZUNqQd5z-7Vk9A/1Sxu0jYws402RJym47xVGg
872,22761,wwREW_OhKhVP1v6023R1rg/wNe8Ue5BbKmGKmNSQiwt-g
873,22756,IWJn58GvfSTnnY_-ym0XsA/Z9WUt_XbtZJhuJ5BagrAnw
874,22710,Df7rE0gjFhByXrBcY-b-wQ/dY0x81HOEb8nxSL1FstMIA
875,22707,_1bqaxzCk0sfQaunsjeViQ/_1bqaxzCk0sfQaunsjeViQ
876,22670,bc2bYdmyZjhDjq8WxW2_4Q/j-9lAcS1EUqHAQW67TG8Ww
877,22664,0PH7RWmA83g16OD0Q7K25A/JmriFmFVHuUq_C1kKtyCog
878,22606,lx8y10QBRVXBrzjki-igdg/xv6YsTjFC7JNyAYZE3UVVg
879,22600,7yTKWKI3VS2dAwOLN6GZEA/7yTKWKI3VS2dAwOLN6GZEA
880,22586,PL2PIaIOPDlAo5qhMC448w/fm7Db2N1DB8reM7VSagjDg
881,22583,CkF8PXrCQVK-sP5aJGkkjw/P0ybdovKJ4SgaYwxwMXBVA
882,22539,nOqn4K0PtNoOWCh8vjdmhg/nOqn4K0PtNoOWCh8vjdmhg
883,22522,ylxc4LqQ06IAs3VZdXRnBQ/MaH9FAvkvvLRHhIeyaGKWA
884,22520,bSid3qaCRM5Fp8QVCzocSg/HkET8JEt6m9F811kvIxamQ
885,22470,b68rM4PgQN67aH4h25LJhw/xMpCOKC5I4INzFCab3WEmw
886,22450,mZyi3B14uDERt4bp9yc_Kw/5GHlN99CM7mwFFAwhQ7fKQ
887,22380,KL-7jBK2HkRKoXH0nP1G8g/TRo4Fe5WxwXnvtjaFB4ovA
888,22357,DpxDLy2UCqpCSXCub6-T1w/ncOinZRVsZFtcdRAyqH7ew
889,22287,L8-VFS5Yblih1Oo2NdiP2A/U1XAtGTr8Jqa_nRA3pAALA
890,22247,_EbiapB4cHRHWLdhZhUPYg/rPQBFWnAEvHwDQXgqVSi5g
891,22245,stF5pUvY9KLwgOczy346zQ/J5LvvRC5ud9W5_6XKV9pGA
892,22232,LDm8GbdhrDbcBGJF0dR_5g/rFVS_Wo8CK0iOH775C0TfQ
893,22221,DAjBaBGxX7Ls5vGDCxMGJg/L-EisaQrSgpDaAExuLg23g
894,22141,xAXT5zg4lBgj7oczyzH8hA/gsaKgni67WC6y9aimIWaTg
895,22133,RIQGzqsxBu-PrIAniUoC_w/YLSk_AK8oLfnveV3ia0vcQ
896,22124,lcco9cJ9pfwALTvN0l4dlw/QMUWlJm6Ckl-ItkL-tQsTQ
897,22113,VrSMXt5AQcI_fu1m1_-HwA/is83ThSW10rVRAAmOikpMw
898,22036,Rk3PQ_3kN1OK0t4ZVts0DA/mz3LO2GB6AQxVzI1GOp7Xw
899,22034,dKRuRenhhB2v4-phjoH90Q/bSSf1recf8OPNq4wc9zwLA
900,22021,AhuiB7vR34gQY76S31ybsg/n-_gxN4M_1IibU-1Roilbg
901,22005,t26Yr5qqaAl5v1plstWhBQ/GsqFe1XOEYPLlks0O0_esw
902,21948,ihdswSzPzUaxjBFXLcLJ-Q/ihdswSzPzUaxjBFXLcLJ-Q
903,21934,_1jZul-5PcAhzSvJCJyc_w/_1jZul-5PcAhzSvJCJyc_w
904,21885,5nnnKprx7rbkW9R-LXJ-4g/-xtuI6N2fSox73iZ5t0_Hg
905,21863,RNXopDSM-5XgwtMIJaL41Q/qpP3fg-j8AvOScuT4fAy1Q
906,21852,JIz5-UfF-kVJhLN1atIHcQ/Pixv80yiwGK-OXngBnthDQ
907,21845,ZMpdoI5AE2nKZQI5fxrR1g/NT_En9GOU6D5QQcF95k1ZQ
908,21837,rAkuL5Ujf8wvgqsX1Rv6Vw/ACtwI2h4NGd5Y3QnAa73QQ
909,21815,7XxmVkmhbEoCp0Vp8JeB_Q/e18X8CuPamqJtSm295HzzA
910,21766,0YKz8YuE90WqGqJ19iNYrw/2ziLGxirvcYg3jNifA7wVA
911,21765,JsrncYwyGAp6D44Z1tQKWQ/MXR8uPzxHlpTYws5v4KuZQ
912,21765,HhPzVde3je0B89S4XEkX1g/9o2oZUhpuz493nCufVMBZA
913,21757,JmQRRFvmzPwsmhI0ZAEv4w/WbUUF0v_5K5AKz1jqtef4A
914,21752,I-7rQ0e90mv8a37po7dV3Q/5hrKy6eUmSswPDL_Qrft2Q
915,21735,NHl2sDXYH467sLUb_wStLQ/pefl4YnI6FhdzmAdEG3NLQ
916,21733,XqlqPb2Rvugt0F4s66ZqJg/5VMYBAqFTr3I0FCNJSK-5Q
917,21729,bAYZVMLcNpkRQJYo1-UbmA/rqhOWqO3D_z8A6lnIY6J0g
918,21726,MvoH47fLfie7aVkrC490iw/RghnQ3IiPoK6c2tbUocbPw
919,21708,c3utqhdjakzv7kDf7tbfMQ/c3utqhdjakzv7kDf7tbfMQ
920,21702,QnDFO_ooPYffqP88OxhzyA/e19Xo1nVZpfnAxucmJSOXA
921,21686,CS04-Y1_u3cDc5MkmikHiQ/bfeO6-xmLReWRvz4hiKqeQ
922,21675,RIQGzqsxBu-PrIAniUoC_w/J1zD2rEwRQDKddQ0YeDqJw
923,21659,3OB-fkBv58ZfdaU95RgZmg/aIZGPfLVwR8uYpuDAcLfzw
924,21647,SSG_L9XG0GgerFiQesh3wA/2Fwf_44wckHEETT4etWBEA
925,21636,i-JVKfrEg8H2mJnqqXlYUg/7DcHhODwfsK0D-Q1TC1DLw
926,21632,J9A7bw_AoVRkZp15UFKcrg/L8nlEXSnjdW_xX6ONoWQsw
927,21629,51jr9GASxEPJVHleWQS2Ew/DptyZlCIoFfuShIBwvLL3g
928,21613,iNGwbQYKD8ZpK_CNBQaDcA/YSXSbm1NDZsaKbKYcA2P4Q
929,21610,Cl6jrB466WTG3w8HoDRBww/s9l3Rtu0XpLcCD2yBeH9FA
930,21560,_RkMI0lrsVzFp7M7Hj46iA/Q37Gx_bTDuT4ouV9DSGgtg
931,21547,a2FtXMDin-2UCEHoVMeFkQ/a2FtXMDin-2UCEHoVMeFkQ
932,21546,BVXJzOw_0t6t04ZvdkvtSA/yY6oNX3E3OLsHeJr-udpcw
933,21525,1MR1e3pGYxg-wN5ytg818g/lUbTrx0LmzDXkyzavYEHOA
934,21523,E1Ra3udChq8DtEQ9cHJnYw/8W5OVOLLHSxHxx3x5lLcVA
935,21520,rQy3L20tfFITjIUN13p6mg/ALesWMzEQkEyNQU-drpwcw
936,21472,Zsv1r1wUH4ikh6_GQ38xUQ/47rdCV_ATeF_tAHtdKCb-A
937,21451,VN6VSKInRFUTipkc4Chnog/EyXbPStoUK8l4FPiRIGXMA
938,21441,XT5iXnw7ZR_bW8SZepj3xA/u9vkRCiFUCBMlo_nACqXqQ
939,21433,KONq4qb1uVjsVQNXKYoiIA/KONq4qb1uVjsVQNXKYoiIA
940,21426,1gCvT1vLV-TFTzf5iiihzw/qgDPf-D6_8LeRWdAEJEznw
941,21415,5lFRHPd_k9hlZU82OJ3FyQ/2xb4b8NKrVVhCatC2Gw9jg
942,21411,RIQGzqsxBu-PrIAniUoC_w/HrbC86nvmhtH-1JQSvjF0Q
943,21403,79Io9DjpAHZ0T74Fzs_voA/ibtpAHNlSOvWRV0KsHql_g
944,21346,myjg7un-XyZMzbYwxZfTOw/57tztmzxEXCtCD_urXbTdg
945,21342,91kLWvK47o5X5Et5oOrhZQ/EkF4sGGOJjxHt5yjszCbTQ
946,21301,atB1wy9gUR0752Lg4YXuXA/u-kwH4o3zIAeZ0A52vcVew
947,21297,L8Aex2XsDLPcxVkSbeILMA/GpmfT1DSkwHvkpEP3RAFFQ
948,21292,dM-L-8vAY-HepLtUo0NN8w/dM-L-8vAY-HepLtUo0NN8w
949,21283,1fddEGBjByY_G4DarInf6Q/e1r4Z_1zByGsM4kXdefReQ
950,21282,ffgqPLihLl_BG7Ze3q_g9w/iTrOUGDbB8SHRyt8jlJRVg
951,21265,p-IJEygKjX0lEAvLf8N-WA/8OvXutI5Gb49p0RDJWjw7Q
952,21251,RIQGzqsxBu-PrIAniUoC_w/izSm90lltjOfB661Lnm-JQ
953,21247,0YuGJKD19yHae4I2X8Vi3Q/9vTpsyuhi7OjJgtJA53-kg
954,21226,n2_u9hzxE9MoUKBCKTkARw/4V4hb8HGOfeHsSMezfob-A
955,21213,uxDo_w359Xvi_my-jSGHkA/IrvaOkCqaRwjx8ON5xdMVw
956,21207,2-scMrZv13F95YPZmfieww/IWME60IVjFfU7HYqMJx99g
957,21198,0YuGJKD19yHae4I2X8Vi3Q/urckuPDVZZ5nmdSzrlFHuA
958,21156,nJqPoO_U4yQtodpdEAUDOw/QIKue4HOK_f7REMuhfIijQ
959,21090,FAhkB4rsocfDW0vrM8U8NA/GK7473rhCYxI1fRsDhXFQw
960,21084,RIQGzqsxBu-PrIAniUoC_w/LY9p3U-b6xi4a-7D-W9nWg
961,21066,FbmPcMwBYf6aHSuC8C_vnA/1ArCPmikK4xzQDWNILU3WA
962,21054,MHfHZlCMbUovYS-yZj8Q9Q/SSlsBitHW_qtb4mbbm8CWQ
963,20969,limNySE4Te6VArK2GjNskw/EPuz8FRpIZ8EQm68Thf7TA
964,20967,_MBt32zyzeoPBK5Qpr2-gw/_MBt32zyzeoPBK5Qpr2-gw
965,20961,ikWOU2iX00dN1_CY9XoheQ/5Inf5ay9zUWGq9elHMlGRA
966,20949,tu_WBtEY0PYgZuMUGf8EzA/Ajh3XHvZbi6rmAOK_gxCeQ
967,20945,SS_nl8-4qXXR5fueaJi_6w/g73D9EXQQwZNwUo-bxxAJg
968,20936,mhZqCubeS2dETOrZ4O85Ag/mhZqCubeS2dETOrZ4O85Ag
969,20932,LndydYuVwrQN8SyGkIqKIg/FmdjEQTo9HNYPjnqoYXWRg
970,20914,xWZqkqcsK_0L0BoCvzCEpA/AnhCuIsc8Vqu_CSvg2Pk8g
971,20912,EKG7OS4hNeduTGvIi20bPQ/zJiWBrWG8zkY_gVS3sNnyA
972,20889,HL9hbrjWexAVp9nadJHNnQ/HL9hbrjWexAVp9nadJHNnQ
973,20876,UPP6woKnix5eg9Bdc1un0w/jdmcY8TWLxknhDIt9vucfg
974,20855,LrxwluK0CwaoyM6xTNnVjQ/vGH2SBA36r1UlPKTPFm03A
975,20837,IxvQkSmKjtYnD5KPNnazgQ/1G8Nn1NKjUPMHUtSMM2LGQ
976,20811,q_BIUs83vVDiUTS1rUMYZQ/XrCOgcW6kkQvoFPW_F3SbA
977,20806,fXw5RvENaz6by5XAZzoajA/-mj2KNmTXbzc_-dL8lHZkg
978,20805,JsrncYwyGAp6D44Z1tQKWQ/HpVHcYEyENpWc_Udp-Q5TA
979,20798,80fXTbKLoZajg2tlgGGm0w/_1jlkkcVcoSdAL49HBmrLA
980,20766,9r_OIxBvFFszfcCY-c9g1w/9r_OIxBvFFszfcCY-c9g1w
981,20734,pu3fDlHdZ4wPOhwtDCuOhA/UBzK0n1-oHBBNpq-EyJCxw
982,20713,TGZmZZPqz0heeMPObwnTCA/xgVmFYI3UWuwb5Vp4z0RRQ
983,20709,yG0dooRf_EK30lRDrivQyA/qy9KVVWnMM6Fa-TZB0bqkA
984,20594,OIFx0qJLoujoSnH1IUQB2g/2r81IabzRhvliH6YUSKZMg
985,20573,jxNXJbXNJWlLCJjxywEFeA/e5mIiAYh-G2s7qoFuRSb9g
986,20559,DVlVsVUVtG7pfUCExm4c9w/KwoajSexsWlvDXXNi0ap_Q
987,20535,FAhkB4rsocfDW0vrM8U8NA/_tHEHSI2ubliAtG4jNtPug
988,20524,ug9w64bxgxafh56_yq5TzQ/HuC28fTtNjFj2yveM0euAQ
989,20514,aD2VhPvXTXaUYezM-MkRtw/_abvn2uoOCyHVGjNcNM-zw
990,20508,Y8Znkpj1mxtcNqbKrqVNLQ/Bnovl0ddsVUrmGxU_AlPYA
991,20496,M_IOF7I6jgAZyN-UFnb11w/e43-WsW1bLNre8y8VxdC9A
992,20485,Oi11ZLrueRguvHtlCEqr0Q/EXO2EXos9KZ1b3Ya7a6dLA
993,20458,-VBsDowjPrv6Gc92IQmkCw/-VBsDowjPrv6Gc92IQmkCw
994,20445,tisPBUWgwSZDgBKky-wh0Q/784ImJj7sqOe9q1B0Xhr9Q
995,20410,I6LKBindvCXLGoZNj_1CHw/O-dw5jK3Qbw-tsmHvoZykQ
996,20397,dt59PWsdnf3Xgh9LreeFBg/Cslq2LijfYWdesZitvrFyg
997,20370,H3k0EEIGPzCBLylCpI0Z7Q/Znno5DtasEWS5LfBvO-n9Q
998,20369,Wu1x7H3b5V-8imbLL9zQtw/TjnGqMfJOuIsvYoE9IXInw
999,20366,TKKJuPP7DAdn1KaAEU2BPg/TKKJuPP7DAdn1KaAEU2BPg
