,2015-02,name_h
0,1,vLgSr80Yp5JGyWXB08Nqqw/TctrIcY-_ptaJ0o_LJiXZA
0,0,zyaFcNny9AyAVZP5gtJmkg/99_8zfqjZDlEUrIzBbLIWg
0,0,TDzlqS86e7C0rnKvUbf-yw/OgbgU6ByZTeyAs5KzoHe5w
0,0,t26Yr5qqaAl5v1plstWhBQ/t26Yr5qqaAl5v1plstWhBQ
0,265,tu_WBtEY0PYgZuMUGf8EzA/mPEbeniAFpw71ipaUHs5ZQ
0,0,AmVgVZ9G1iQnVnMuTt_DUg/DxAAOpdUgjr3ewufU67XaQ
0,0,I-mUEkTFJFFQ_AESWLzLvw/d_6EUTu-r2-vaPpr0SufrQ
0,0,XNxXmx0SzdZzm7oNPMbdug/9HkSIwkotT7j1AJ2UUbKUQ
0,0,685GUjtoBv79agbn0Llsog/D5gvq1Omcj6KvcjpvOC2FA
0,0,NEPoYdvzc-44QkKIWCPNpQ/MF48LIVIsPjaCkzVrAfXbA
0,0,o2spca2vydayCYrHB7oOXw/amoAFELemPby_e1SEsw5SQ
0,0,xauMjx4zACEkiKMMEDkzkw/odmAd4p2GocE25NzLuQ-fA
0,0,xauMjx4zACEkiKMMEDkzkw/K-7Prf1lPWXeFyXcsOZJwQ
0,0,FgvCzMMFX8v4uFSExY2_7w/FgvCzMMFX8v4uFSExY2_7w
0,0,CfzlxCGqgm1WOVViJPyXVw/oRIIPjnQ477Q3NIKoqF9Fw
0,0,CfzlxCGqgm1WOVViJPyXVw/rqsPr3Im_T_uZk-jG3xwCQ
0,0,6qHn5jjdCZfIeI0cClrrqg/V7m7f_fYjYDvVJ-hbotfhw
0,217,BbYFPEGiEwr9b8OxWL2k5g/BbYFPEGiEwr9b8OxWL2k5g
0,0,M_IOF7I6jgAZyN-UFnb11w/rqsPr3Im_T_uZk-jG3xwCQ
0,137,1e_zrJhEPhOaFWois09KUg/coEuMIc0VdzuLOLR7ibkqw
0,0,6Rgus_WelXA80swy0i5UNw/LaiuSSYVYkUWDqPq39Kviw
0,0,CfzlxCGqgm1WOVViJPyXVw/2Zjng7cSJqUA1sgxc00xdA
0,0,xauMjx4zACEkiKMMEDkzkw/IRfav7A3QFCq6p3lXmdDXg
0,0,xauMjx4zACEkiKMMEDkzkw/PbS3pA-kCIC2qbWGdOtk2g
0,55,ty5SGIvQecw8NG7Wwu9XtQ/dYzovyCanZPcxwMJysobkw
0,22,MCGAjiR89Tp1f_tWZw2O2A/fEmxU9S1n4wM-MPhjcgMtw
0,0,TZCb7erBiVEMYN8S0h98Ag/PvzpVcK-1nWUbPowz7jbjw
0,0,fw2h8uMBC3gurmmyjQVoxw/LBf1F51NXXEpVZ0IC0PJKQ
0,0,M_IOF7I6jgAZyN-UFnb11w/cbjOda3xckMLQPLmWsCJqA
0,0,xauMjx4zACEkiKMMEDkzkw/bxY7FOS95L1I5BDTY0KWdA
0,0,xauMjx4zACEkiKMMEDkzkw/t6P1GYS8xZPVI6UxMsqHsw
0,0,s75Gaciq9TCc3otCtHqIIw/5UQe8i3FFFftX6w7wE_3Fg
0,45,6Rxz-0WxNs4djew8UA060A/p0rY36zU-YXrOXdRdhXOJQ
0,0,gLGRwzx1XVeT8ZS0lw0SbQ/xv6YsTjFC7JNyAYZE3UVVg
0,0,xauMjx4zACEkiKMMEDkzkw/m_-byk0C4VKpNUQzywu8SA
0,0,bIzPmNbJT-QvAR2m1Bx4tw/5heZRxrmIh4fJ1UjHxXJNQ
0,0,CfzlxCGqgm1WOVViJPyXVw/CMC0sHJMe4eiJgNgd_FrEg
0,0,xauMjx4zACEkiKMMEDkzkw/IDFGPGwKBEVMiugjaWoAZg
0,0,JsrncYwyGAp6D44Z1tQKWQ/sN9bw7MNSSFy2Oyuf_l78Q
0,0,CfzlxCGqgm1WOVViJPyXVw/dS5s_v3CbCqqxHlUEm6big
0,0,cTca9GgwuXoQpzwgNiU5fg/0H1Qp1G8bd8Svzrw7-6bRQ
0,0,CfzlxCGqgm1WOVViJPyXVw/F2dpAmqJI72O3lekkCWnsQ
0,54,jsamuNGdKxtIhw4iyR2RRA/RBj0hf6WzlwkofRrQAywgg
0,0,CfzlxCGqgm1WOVViJPyXVw/h2WFMo4XvLgwhluPwHzR_A
0,0,ZQAQBHK7GG_QtYPt52_vCQ/5heZRxrmIh4fJ1UjHxXJNQ
0,49,6pmmkGBnWzIHVAa58xDL-Q/6pmmkGBnWzIHVAa58xDL-Q
0,0,CfzlxCGqgm1WOVViJPyXVw/92NnHBrMF3cyjHk-EwBLOw
0,160,hcaTInVuAf1KeiLeVeGXQw/zPV_NOdyJwXEpjgGDUz0Pg
0,0,FAhkB4rsocfDW0vrM8U8NA/4vyAUIXiXJdhYWwA4GW_6A
0,0,NKIJAmS8s5ephPBJEw3PYA/TwQHQ9k0HlsWAGLwu3-mYg
0,7,Qv-cOAVZ-ZF4y1tyHSXqaA/s7snmt9WTt4WZqQjvczNiQ
0,0,ZxoNoLoGHJjegBQJ28V9fg/NsRTaZbKVhXc-ZEfBoeG3A
0,0,CfzlxCGqgm1WOVViJPyXVw/1ri_xubDkGS_1OHH298YCg
0,236,hcaTInVuAf1KeiLeVeGXQw/RBww6Oe3FUnlX2QLVHHz6g
0,48,PSWsg5RIjKSfFI9LvZ4pBg/wuKFyzPOzb64PSGJ6YOowA
0,0,CfzlxCGqgm1WOVViJPyXVw/AJs7GfQqR4AN-AQhlcgPgw
0,0,CfzlxCGqgm1WOVViJPyXVw/gnXtGVk9eClNp21pQmybVg
0,0,kedQQig_WiwwARARM5kSsw/0HVgThn6itH2H7jWDhpdAQ
0,0,Nd7RU8Ig-Uc1U8T0olS7uw/__yk1n6gp4iBMDG4u8OzKQ
0,0,CfzlxCGqgm1WOVViJPyXVw/LPlMC4JxGI4kses69xZM8g
0,76,NFuKG8SKExLAiEqdsYIgRg/aLANoOsw0qzJxXIIpPkhwQ
0,0,X3TKgmatZNg-DBxbNm-jqA/CZlVcPLb8HVhY3IMBaf8_A
0,0,CfzlxCGqgm1WOVViJPyXVw/bIsT0u8GYk_r0SwPybGPqw
0,0,CfzlxCGqgm1WOVViJPyXVw/P9vYY-kyDqzHMsHXNvq8kQ
0,0,CfzlxCGqgm1WOVViJPyXVw/reqx8DfsemsIlK8hDwvebQ
0,0,uW9346uTcscqc06U0ZmZtA/wnhVrGf-XP4404AxwmaYSA
0,0,4W3a9Pkd9SSye_Ty5LGsCQ/GIl9z85qTnrmOjuu7UQ8SA
0,0,x37ffWb_rxrHEI6TJpjS7Q/ECnrLqOwTrwH_BEngsCQQQ
0,102,0YuGJKD19yHae4I2X8Vi3Q/0YuGJKD19yHae4I2X8Vi3Q
0,1,IPC0umQ0JmsXErUw7iSl5A/--MiqJvAulMcPwBQ45NfKA
0,0,pk7SG-Nn6tGVG1OlB1oGZg/ZfHgLSpRZe7vpdcQcJJZIw
0,63,JmQRRFvmzPwsmhI0ZAEv4w/1Ut7onVxovALOO2Sc7l08g
0,0,LDm8GbdhrDbcBGJF0dR_5g/LDm8GbdhrDbcBGJF0dR_5g
0,0,CfzlxCGqgm1WOVViJPyXVw/IdKAIuReNW8O5krADlZNFg
0,0,bVOtxY2gqQXbHI_XhauojA/NWijdlYpxtC7_sxG4ZrM7w
0,0,CfzlxCGqgm1WOVViJPyXVw/gcGn2QJV4F3Y7ho4SyBPoA
0,0,CfzlxCGqgm1WOVViJPyXVw/u2Wa0QxtTxJCpQNYFqfCXQ
0,0,CfzlxCGqgm1WOVViJPyXVw/6jmyQ15-WM385OqbX6qRmw
0,0,CfzlxCGqgm1WOVViJPyXVw/DjIsqMDFAnGDEliDCptqSg
0,0,CfzlxCGqgm1WOVViJPyXVw/ug0Ja5p1Gr2Zqyg8b_rZfA
0,0,CfzlxCGqgm1WOVViJPyXVw/67Devo1SDSjMfri4t4kcWw
0,0,CfzlxCGqgm1WOVViJPyXVw/Ij4ksqnUqgIMVBFf3Dyv0w
0,0,L7UuSKKCSb9p23xYxAzAmQ/e4nuqz0dLHKgBNvECplQRQ
0,0,stF5pUvY9KLwgOczy346zQ/6nrxTQOpk2uUm1JSJ7edOg
0,0,CfzlxCGqgm1WOVViJPyXVw/AYZ9F4DEOkCgCopYIZEDsA
0,0,Df7rE0gjFhByXrBcY-b-wQ/_nmHr86e3cFO32j2RyG-ZA
0,0,CfzlxCGqgm1WOVViJPyXVw/WkOfUlQJVT5NkAHo4WD4Qg
0,0,CfzlxCGqgm1WOVViJPyXVw/6q7Y2gOkwyQeDp7mHt-uow
0,1,m6I8btn0LM3bMXuPs_ay6w/7N5HMzbpwMfeTqEgcm9NxQ
0,38,FAhkB4rsocfDW0vrM8U8NA/VYtUTPaF85005JA-OcOLZw
0,0,CfzlxCGqgm1WOVViJPyXVw/6rez51j1goU4d-j3iyQEVQ
0,4,ty5SGIvQecw8NG7Wwu9XtQ/iY6WYYfyXBPd1_neFlzf1Q
0,112,j_iEz_GAbgQ_fstv49BaiQ/Ng0hTombiLj-VKJgZowvSA
0,0,685GUjtoBv79agbn0Llsog/685GUjtoBv79agbn0Llsog
0,0,9KdgpW4GVz_FTLWEP0NXVw/W_kDtvo1jR9U8B2P90ewoA
0,368,PaSB0TP0XR11kL-my7Zlhw/ySKmQcxdwDpJflQJltEhmA
0,0,vZnnmO6HI2JudEiCO6n5vQ/b49XcVCQ2iYyRTmI2aFQGw
0,101,NfS5AAovmyBX0Y6B3i6sDw/zrIHcuDJ0kDHXrJrDjer7g
0,0,L7UuSKKCSb9p23xYxAzAmQ/46nqTYfWzv0QGaqpO5J0ig
0,0,L7UuSKKCSb9p23xYxAzAmQ/j_aI2S_E9epDj1caQLkowg
0,0,BSLuIRzmMEzKPd-lxGodaA/GkxUysfwWXhr7X-nDWepDg
0,43,eAFW5HzG3uDCOSI-IgfT7g/RWda1qewoMVuJXocANg2OA
0,348,JsrncYwyGAp6D44Z1tQKWQ/JmoffC4jRRadO8RI2kXq5g
0,0,CfzlxCGqgm1WOVViJPyXVw/By4C1udSo7LQqznfdbh2Lw
0,0,CfzlxCGqgm1WOVViJPyXVw/GH3-XlWXn09871O2oMSV1w
0,0,CfzlxCGqgm1WOVViJPyXVw/pWQCHb_cK_LaiLotA4YBog
0,0,HzhwvidPbEmz4xoMZyiVfw/gYBW29fiASQyBrnHzYhIHA
0,0,CfzlxCGqgm1WOVViJPyXVw/dCm8xP0J3Tmrh_nkmnFTog
0,0,CfzlxCGqgm1WOVViJPyXVw/X_VNRIeZoh09cRmPISwCTw
0,0,CfzlxCGqgm1WOVViJPyXVw/FRfVbnnLl9obsGlIOA9i9g
0,920,qDHkhVI986y3pPtfN1M0Ow/ykxQuQXcIeoXoQVJpvWUTw
0,0,CfzlxCGqgm1WOVViJPyXVw/hlgjOME9z1cQDI0P3MsIMQ
0,0,CfzlxCGqgm1WOVViJPyXVw/J-B3isw1uppQNLjqJhrLGA
0,0,CfzlxCGqgm1WOVViJPyXVw/rLVHr0XxTLO5KaTSFFF04Q
0,0,CfzlxCGqgm1WOVViJPyXVw/nm0l-p4qXdyaDTkZ6KuNHQ
0,0,CfzlxCGqgm1WOVViJPyXVw/8RxOVi6kX9HGODltnCOv9w
0,160,fXw5RvENaz6by5XAZzoajA/t26Yr5qqaAl5v1plstWhBQ
0,92,IcwoQJcpVl_BpNLdktsmnw/NNH5H7LlFLhXb6sadaiaaw
0,0,CfzlxCGqgm1WOVViJPyXVw/iY5IkSzWdbmJhh3IXeBvag
0,7695,HCNc-me7o2LzI8jLjZCBww/vLCXdlZFKnrbUv3ohZgadw
0,0,CfzlxCGqgm1WOVViJPyXVw/Gjc6jpKj2pWdYug5pNGDaQ
0,0,CfzlxCGqgm1WOVViJPyXVw/x1kHnKsU9KCRpJ9ZeLa7NQ
0,21,mHb55hvjPUCp_F5yrwBoJw/Fx77wWf5DUlLOxz7pBHuhA
0,0,CfzlxCGqgm1WOVViJPyXVw/tzcA_vucMgci9YeRhxDQgg
0,0,CfzlxCGqgm1WOVViJPyXVw/CkyWoksVzEavCcPUDpn7_g
0,0,CfzlxCGqgm1WOVViJPyXVw/ew64WUWNVsp9y5ibdDJEYQ
0,0,CfzlxCGqgm1WOVViJPyXVw/CGzb9GAH1QkGlCnBuWX-5A
0,0,L7UuSKKCSb9p23xYxAzAmQ/WpR1oujEFUtLMK36dW2sOQ
0,0,L7UuSKKCSb9p23xYxAzAmQ/wTMtmlITX2WHG8lyLvlTLA
0,0,CfzlxCGqgm1WOVViJPyXVw/GIMlX7DljSUFCQideo3Abg
0,0,CfzlxCGqgm1WOVViJPyXVw/iNPHjc6DEW8ZSGI7uaoJvg
0,0,_GwchX6x0iNEWTpg_k6XzQ/ht9eFKWkAz7732yXb_cS6Q
0,0,CfzlxCGqgm1WOVViJPyXVw/Xkwj8htp3ymDz1y9YFmnxQ
0,0,CfzlxCGqgm1WOVViJPyXVw/qTBGmQAKcFl7N1MoPbA8aQ
0,0,CfzlxCGqgm1WOVViJPyXVw/KG3Q6cQphNv0iR5wEhkfOQ
0,0,CfzlxCGqgm1WOVViJPyXVw/oITE4nsSS1f5dKvnJrnX-g
0,0,CfzlxCGqgm1WOVViJPyXVw/V_sSKWWoE-4l5Ulx48qeiQ
0,0,CfzlxCGqgm1WOVViJPyXVw/EsHEJhFYbIapaUjX50g1mA
0,29,C04e_MBn1Nuvm543I23NGg/teb6iZfHZ1pceJ9_S7Oc0g
0,0,CfzlxCGqgm1WOVViJPyXVw/t5oLdzLyr4CoXaHmxEbdRg
0,0,CfzlxCGqgm1WOVViJPyXVw/yeWpXtv8u_6azJ4WC0GXkw
0,0,CfzlxCGqgm1WOVViJPyXVw/TW1Kje-7lJa8Kmq-ThWobA
0,0,CfzlxCGqgm1WOVViJPyXVw/MJfs4Sp4acXBvCIIEnuHOg
0,0,CfzlxCGqgm1WOVViJPyXVw/xqakdIZpIn_Udu07bJVn3g
0,0,CfzlxCGqgm1WOVViJPyXVw/rnh9tL2wnSMLjbZ5gJ580g
0,209,PhD4yAkkLToPlMGOet24Zg/PhD4yAkkLToPlMGOet24Zg
0,2,gq8sGjDBiqMjiLNeyi3M7g/gq8sGjDBiqMjiLNeyi3M7g
0,1,jf5QgLBmGLTEV9PsSudxCg/pV8VnCdk47IeYms0X6oxBQ
0,0,CfzlxCGqgm1WOVViJPyXVw/2an3dziWVV0Yjf4C65-6Tw
0,0,CfzlxCGqgm1WOVViJPyXVw/qD9TRDXUrarudRHV0tk-rA
0,156,d9N5SBjev_3D1rxsVLrRJQ/jgmGi6A4ok4HjAo1NM79gw
0,0,CfzlxCGqgm1WOVViJPyXVw/DjmKLaiOu7Dnyx5wuEtCHw
0,304,TQA9FDXwgnz-GKwtKjl55w/TQA9FDXwgnz-GKwtKjl55w
0,0,3Q7sKrqTjpKm-Zk4KM9YrQ/amoAFELemPby_e1SEsw5SQ
0,0,ZN1_BJHJPLio9mzGlC_Edg/N3h3SfPHxqLT74seTdtMMQ
0,0,e6Iu2FR5HGhGQhX5sDP08Q/-NjdFemrxaxEM0DDIsbLvA
0,0,CfzlxCGqgm1WOVViJPyXVw/WFtxnXsahmEC85n-EDGN8w
0,0,5lFRHPd_k9hlZU82OJ3FyQ/TYGYmK8iA5ECJk-eWG35ZQ
0,80,Imd281bX7PWLYLqxKgXTjw/rppy8lEYmC78sTRl-cX0IA
0,0,Wl1s7vaWGBJGEAuXMtPUvQ/Fd35XvRtxhK9h1hBGht4pg
0,33,D7wbyOewBGT360BJoBVHmg/D7wbyOewBGT360BJoBVHmg
0,31,a4tWuGCdUNWM0bmgHIXubA/a4tWuGCdUNWM0bmgHIXubA
0,0,n4-TvhXtyEmmm_uQioQT8A/enHMdqepzmRwqFpeOVISGg
0,3,MvOyCyet2pww0P4qUt4CxQ/0qV9wdiD_SH7mVFpnfccxw
0,0,tB4vkEvCPOkTuMcO6rpO9g/-UfUvetkBFNv2mR0eON_Lg
0,0,stF5pUvY9KLwgOczy346zQ/yDYbeYrSsLebgzhUQnRqwA
0,36,MvoH47fLfie7aVkrC490iw/Gx7ZBdVMGOPdiCiYbBS-Fw
0,144,ZAyKU3aqEvoVzwITDOI5pg/ZAyKU3aqEvoVzwITDOI5pg
0,0,tjYGTXfsmChcH_jFAc-x2g/1WSm3EhyK3vt-rKeKgbKgw
0,0,bEhXYs34CgvJxwm-9Zvzlw/bEhXYs34CgvJxwm-9Zvzlw
0,138,eNUWf_hMy7kf1iEc7bRWZw/eNUWf_hMy7kf1iEc7bRWZw
0,0,xauMjx4zACEkiKMMEDkzkw/vS9-iIaSDlTh5DQqHGDBlA
0,829,0YuGJKD19yHae4I2X8Vi3Q/aCoNrLFHSsBc5DOy5a8Krw
0,666,hcaTInVuAf1KeiLeVeGXQw/o2bP-5oa4bEo6Ks7wZlWTQ
0,9,3tVA5QDrwkKOBS7x6Efgyg/I-VptwXSMnW2sGWsTX8gwQ
0,0,fw2h8uMBC3gurmmyjQVoxw/FlT-PZPZujWSyMXLKaqFyg
0,0,L7UuSKKCSb9p23xYxAzAmQ/4YkkrvJ4KmhrjEXlfx2fZw
0,0,XT5iXnw7ZR_bW8SZepj3xA/--MiqJvAulMcPwBQ45NfKA
0,0,bEhXYs34CgvJxwm-9Zvzlw/Vy1OQh5ea5vBHYFeigJxEg
0,0,WjBKz2IqP9CpvsYiWSbLUQ/A8fArOOV2AGC2weuLDDwNA
0,0,L7UuSKKCSb9p23xYxAzAmQ/2z9v3zGNXNh1Y2GcSWKWzw
0,0,tB4vkEvCPOkTuMcO6rpO9g/8HgHajSGB-ufBZUilSyZoQ
0,0,L7UuSKKCSb9p23xYxAzAmQ/GjkcUxAqY3PFQ1Mz6lWANw
0,0,xauMjx4zACEkiKMMEDkzkw/3GMj5uGiTKotK-TbxyvQOg
0,528,5ijj7TUiNswVbFIuGqMZBA/aUfyqfsJtlZlMjhROEDMBw
0,0,xauMjx4zACEkiKMMEDkzkw/PR81ylupL4gRLq2Che9iTg
0,0,L7UuSKKCSb9p23xYxAzAmQ/F4rT5x0Hc3Cx6B5Ij0ypDA
0,4029,VUZg24ZmvWWNMJ7GNRhy6Q/2395CLBgq0xwOgLhRmC5dQ
0,155,NIP_BY3to9rUH6eSX6strA/NIP_BY3to9rUH6eSX6strA
0,0,vX5zkxXKD3ZOXL3TAtxsMA/VFsOPNJ-f-MpOVsr8dWNsA
0,0,M_IOF7I6jgAZyN-UFnb11w/3vd3JzQYEG---VTZh9063A
0,0,1Sc-fS5c8CYFFglebBXnyg/u8UBJS_uNdBu4lqUJEljzg
0,227,Blng3ihygUc9pNhZ8LnvNQ/dWRX3IXxNFCz37osvBRl5Q
0,0,JQhJljtiemz8tHdbDuqhzQ/l_E7fGBNb0vXCTPy1QknSw
0,0,9CkNBp6RnN5oR4zknulpUg/oKa5VQmvX7EQATrOdHHCrA
0,0,xauMjx4zACEkiKMMEDkzkw/v3CuvqLk2LiY7vvXtkZY7g
0,11,2FNi-q513b7DPUhwGRxy6Q/rKM7nARrKlC4w8VMwDgN6A
0,0,eEPukMdPbB5nA4UjD6O5HA/pZpWVIqY8N93IsSNd3c_ew
0,0,1BTWGfvRvNpi3VIrcxVcKA/ddOtWAd1MGzWIx8GDrQhbA
0,0,zg626w-AwNr1VK6lko3t4g/rREmE3rFPwza0vw_Gz-pzg
0,0,Z-3O3ZDDPkKwNj3iIrLhPw/jw0Kr_3FiSjHHn-LBxWygA
0,0,NuY5OTy0WgGBzD0rIKBeOw/IpMyz5V2_KSR6qcJ67Am6w
0,0,ApZeDQvC-veHWlifafC30A/wajgWb_R6RHPELYmNAyaVA
0,143,0YuGJKD19yHae4I2X8Vi3Q/7sNNgEyc5sic_1lr5VXmpA
0,169,Co8SWj9B82wFByA6Y83prQ/Co8SWj9B82wFByA6Y83prQ
0,30,uoqmmEaOB68Evw0Ox_hE7w/ZTyLEMAEGGgFvw1oPcx9Tg
0,180,ZzJsJeuRRJV81lRhKpJYSQ/vygCs5OEqp4LCkTz_p7hKg
0,0,ZQAQBHK7GG_QtYPt52_vCQ/6ChX7ShySN0L8bsgnUY9Cg
0,0,xauMjx4zACEkiKMMEDkzkw/sHwuKQo-x8MGy7qTYXOsYQ
0,5081,DAjBaBGxX7Ls5vGDCxMGJg/J-onkJxFYPyboVq-5Nsj_g
0,0,ZG55TGfWwvdWuY1FLN8rxw/MBhtSaUxOQXQPrTXTPq3jg
0,0,WQ7_jjHFSlJDRUVaNj7Grw/6UWI-NQpqJ6r-R234u4yJQ
0,0,xauMjx4zACEkiKMMEDkzkw/48CNONUy3XcuGsLfrePqow
0,0,Z-3O3ZDDPkKwNj3iIrLhPw/uRG_oq87OkK0XGdLSIY8IA
0,0,uZcvRsHlJ5fWYjaxGNKXCQ/3cooyTFRtlBKI-Gp4BzvPQ
0,0,9-ojITaUdq-LgA4PO224OQ/Tx_0oPR6aKpipqZRFav2zA
0,40,GChw8QQ_KUPepXGZGDWicQ/GChw8QQ_KUPepXGZGDWicQ
0,47,vwk3_LBbRg5EegvqdTchig/vwk3_LBbRg5EegvqdTchig
0,0,8s7j_XSq20PJE5byBrzz6A/oNacrejOSsPsLir8Y_IzXQ
0,0,pYq56z-SNoKKTLoBtGkBzQ/OzlCPF-LOe6kB2sITW0S_w
0,49,7DUui3NYEIX51J0bV19kxw/WIdyFIOpf4nppikgFqdjIQ
0,246,LDysWg9WckbQOcXIilou3A/3Zu5ZdDUNyfccFLRW7_J0g
0,110,j2uYOtBogYR6GA8TmJEIkQ/j2uYOtBogYR6GA8TmJEIkQ
0,0,1KcZ03taKbrkH3IhgMZCjQ/24SOxQiWFy6A-IjUu1eOpA
0,0,7nnFsbFtS2PpL0wUbmqqqQ/4Dqot05iByC5uhDEDTrnGQ
0,0,5b89QxnpfHgzSDdg9x_-Vw/-KoAr6Uv7vLkS3Zt3FtpGA
0,87,r5yj5MBQHZu4ntUcGUYFXw/-kSDXQ7TPoqjtriWTsd7_Q
0,0,LHqa2DZYONyj9Z28F-B-QQ/n6wsivjFodBt8ktOMYGavg
0,0,fVMPjbU3-drRZ8aYke8VEQ/ZPQM9nOuSlVmV917rywZMw
0,0,LHqa2DZYONyj9Z28F-B-QQ/MUiENISdguXEPF1X6yNWBA
0,0,NBXW9Jk1wMuIC3KJoCuDYw/qi1uT1eOsM-rojvu92whlA
0,0,WAxPN8Z2H1AOHdyNv5ECYg/V4AMAIS3fMx9vzbVM6jQpA
0,0,eAFW5HzG3uDCOSI-IgfT7g/eAFW5HzG3uDCOSI-IgfT7g
0,0,FKUdsWWZo8fNyGYA2t5Vyw/m1jV2ovbvHn9x3s2krIc8w
0,0,gBmpLH-nFZRMJkDMyqDNwA/PWLXcbMQd-spWS4meVzVIA
0,0,WoowxchfptGKWLepb7wpXA/ZrcPN6chFAS0nElcHKcXFw
0,6,431w5RIbrGJfl_r0lWLB5g/p7H3asj2y12A2p3HEIsZFw
0,891,cpF70Rhs46B3HA1YGgsqeg/1JZUZR1-wbeNX8WaS9WeBQ
0,0,xauMjx4zACEkiKMMEDkzkw/Lfujp1MNWnJQqJOKNmOkTA
0,114,XXODJOIYnY6aHDl0009alQ/XXODJOIYnY6aHDl0009alQ
0,98,ujzWHklTzs_2J7FAFYj7Hg/ujzWHklTzs_2J7FAFYj7Hg
0,120,BTnfkMOqu-ZgkZ47XJnPxQ/EAZmW6fA2GC8n-eZRNvA2g
0,0,xauMjx4zACEkiKMMEDkzkw/DN5QxbEcuAxT8EiQLxBMKQ
0,127,HzSzIwjS00yN16-8mEu25Q/jm4Bg5anSfQ2-4naZCnItA
0,0,ZgdTe5RoDt45KnXFPO4bCQ/aqGbjV1JOtwm2k_3BIqj9g
0,0,Nl0Px9Ygb_JuLywqeMkalA/Nl0Px9Ygb_JuLywqeMkalA
0,0,3yemvtXpYC9diOaHEgcdcw/72qYe_a9g4q-0LyM8UJ9eg
0,0,PaSB0TP0XR11kL-my7Zlhw/lFVBmvSjqht3x5YQnxmIuA
0,247,FGWccSPGos9cL_aJ4NlzhQ/C_n7gajA_Wxjv8pIMTp2WQ
0,19,aUfJiaWLnXCjAf7OlQjBcA/LkC3sPp7vVBY2Yd2TMAVIA
0,0,boqeAORhau_gO8IXN4x7oA/M07OTelhbVNYhLwQMPSBYA
0,47,ooe8Zd1SJ_a1v9t4svapZA/vhIXQL-YiyIloxP6HxB8oQ
0,0,0UuwP2yeC-FBq3MsH9R7Cg/lRwfdXqfkY8GJM1cuQuJDQ
0,196,K5r7iaaswVdbFZv8o40QrQ/K5r7iaaswVdbFZv8o40QrQ
0,204,x9BrCoUrzYi11O-5Y-tFzg/2c9v3EnK2YrZcVgb0shFyQ
0,57,uzDoVBG1bfQSlnJqtEXcjw/uzDoVBG1bfQSlnJqtEXcjw
0,1,HYgs-D2ViVhQ0UoP5ZVIWg/Co8SWj9B82wFByA6Y83prQ
0,0,L7UuSKKCSb9p23xYxAzAmQ/EunE_4gLg2kayhziZxlhAA
0,0,RLuwRI20nr9OxMXi5qNVQQ/RLuwRI20nr9OxMXi5qNVQQ
0,0,uKXXm0TfB8MgeiT-zL0l6A/UTe9Yw7rRj8i8s6-Vmri1g
0,115,EMGACp_o5jHmvlTU29YVRA/EMGACp_o5jHmvlTU29YVRA
0,0,xauMjx4zACEkiKMMEDkzkw/u8T3KPUbogRql30JyVttDA
0,0,myjg7un-XyZMzbYwxZfTOw/nMGcxyRjZSVdzmJK__K0rw
0,0,xauMjx4zACEkiKMMEDkzkw/w9RFbpG0-GweFWl4XsmJhA
0,59,NLmaiC8UPeUOo27TLOFLeQ/NLmaiC8UPeUOo27TLOFLeQ
0,0,xauMjx4zACEkiKMMEDkzkw/9M1CROx94veNFOWCp9dlZQ
0,0,xauMjx4zACEkiKMMEDkzkw/kTZZnMrO306rQE0DbvnA2A
0,106,zVseSUfjBEdseIzUdPtXmg/zVseSUfjBEdseIzUdPtXmg
0,0,cL5qK5ERFVembzLZDuOsHQ/tbW1K08L5qOVmlvWxsAOJQ
0,21,x2CiabEMUUMkAMbl8vB0rw/amY4sEJ9hD7ubFQdhDAI7g
0,0,XrCOgcW6kkQvoFPW_F3SbA/XrCOgcW6kkQvoFPW_F3SbA
0,0,y-vqzu3pUR0TOlqHKBmYhg/AXHBlmfsBeh2s5h2etKPsw
0,0,ApZeDQvC-veHWlifafC30A/9pYoKqTNT2FKqZUZDPRC_g
0,52,1l8h1bTyj_W7L5YkzV9wCg/1l8h1bTyj_W7L5YkzV9wCg
0,3,ICZNh5OWLjBj_mtStR5awQ/G0_Sd0zUX-1ikBG-jYFxSg
0,0,b2Zs95O-StDOp8Us180ijw/0UjEtCWAh3J9u10qavHXPA
0,0,bIzPmNbJT-QvAR2m1Bx4tw/6ChX7ShySN0L8bsgnUY9Cg
0,61,bc2bYdmyZjhDjq8WxW2_4Q/NpFKJ8YBpZ2La_a0ZKji7A
0,10,Vkf-a-PPcoJhloWFKjIimw/I-dieFeD-8cdoNlhWdXuwA
0,69,eBFucFWghxq0Y6e3xhMCAw/oibp-9_ByN1-f-9NMz-G7Q
0,34,2-scMrZv13F95YPZmfieww/xncHE14xa1V35A-Af9Oj5w
0,72,Pjmb5GPd_5XX5wbf3_bxgg/OkO0-IMl2UAiwO-pwvovWg
0,0,xauMjx4zACEkiKMMEDkzkw/bghZ77nuE_yuuH2DHJidxg
0,0,xauMjx4zACEkiKMMEDkzkw/nUBzx6iwmYRxDPttcumoVg
0,0,4W3a9Pkd9SSye_Ty5LGsCQ/va0F6cRp1fNnqxma1CLhAw
0,57,njDCSfHyDCDK0R2GJ41j8w/njDCSfHyDCDK0R2GJ41j8w
0,0,fVMPjbU3-drRZ8aYke8VEQ/jmfsehHoSxalnE7T7MjdnQ
0,249,fzIsL8eYnmJRAsSqy3FCdQ/fw7y8g1XIqEZA8oQCZVlkg
0,0,fVMPjbU3-drRZ8aYke8VEQ/lYf1NxXo3hEMhyF_imtNuw
0,169,DpxDLy2UCqpCSXCub6-T1w/kfH0h8f7doZCs-uY9oO_Xg
0,0,xauMjx4zACEkiKMMEDkzkw/JvHcl0xPfbMfl5JNzYnGTQ
0,15,nR9Kn6moBDml5Jf0uWXy_g/30w_V4Qps0dFF3B6iLYZjQ
0,0,xauMjx4zACEkiKMMEDkzkw/h1jtLLqygcpomSpkPATVSA
0,0,o2iCM-nV50RXSrPzneXv5w/E22-57Pp1zLCsR32XV09IQ
0,0,bIT-g5YDDXRqeyQCHy0J_g/ZIB1tnjnh_nvnzS6fBgfaw
0,82,uOBlJV1TJuo88fhbDddk8w/_bdZTnfxrV-7jmyRe2ASzg
0,0,OiMa7aM6KvPLXZXCnppP3w/zcIo-UzkpFwT7sPa12rgXQ
0,0,ZQAQBHK7GG_QtYPt52_vCQ/SFvDZGT-Uuo9_moq7iYXAA
0,8,XT5iXnw7ZR_bW8SZepj3xA/nof_zm_IDoQCnUAYIscQEw
0,0,hcaTInVuAf1KeiLeVeGXQw/CJiyJzDVevzTlNjkiJ7OSg
0,132,dZL6F11u71cR0xGmUWpqnQ/3pue141-Lh3O7_7ngOL5GQ
0,0,VAg8b5ob_rpXajKWTutL5Q/VAg8b5ob_rpXajKWTutL5Q
0,0,k-ifxBN7Ut3rVN4D-1i_6A/k-ifxBN7Ut3rVN4D-1i_6A
0,0,jTRvnV5jftNvAbTzu5yJWQ/26tiGQV9OfFkVamv-spsfg
0,45,bc2bYdmyZjhDjq8WxW2_4Q/2YGHsvSy2y6aUXpcjzgdPQ
0,0,l_xQf0bUvBacxEhm_fDaVg/-IF2ZQDyjqlaELsmc7sy2w
0,0,JPJxRXzSnLBWRiYyCZCMIg/vqtn6mbTEDSq0UL8Q4QvZw
0,0,A3cNBytXlhWSMzHy4BQ42w/A3cNBytXlhWSMzHy4BQ42w
0,1,56nE5u5bIHDljJq4GdrFxA/oexTmhZVfQPNvKRwflnI9Q
0,0,THXLjsX3x0se0_nj4-ux6A/THXLjsX3x0se0_nj4-ux6A
0,188,wWFvPIliYj4zlBfmwWpfuQ/lzU3k9B6ERmysw6JRC2SPQ
0,0,OfR_r-TmaSK4-CHUPKGbbg/ygJmvHdzEMOvrDN7qttdrA
0,33,QkUWylO0rUvvN-0E-HlaiA/QkUWylO0rUvvN-0E-HlaiA
0,0,6svRO5u8l7zz2G7-9P_iAQ/FqZhsVlesJS2ilaik_jsFw
0,0,THXLjsX3x0se0_nj4-ux6A/6uFhP6YffGikoGEn16DU2g
0,0,zg626w-AwNr1VK6lko3t4g/UyNdTvQg0OHCJgntlCfX8w
0,60,2cDlLdFSdNUQQbSJx86grQ/2cDlLdFSdNUQQbSJx86grQ
0,0,Ws68TLcN27B0sKx2qrF2rg/Ws68TLcN27B0sKx2qrF2rg
0,0,hxO3hnF2rg_yEEZLW0t5mg/tNiO0B-_TcnKL91txQt5ig
0,0,IwvEPKTJ2IVuSm1e1gip7g/u4FBErilsItNaVITnHPxCA
0,0,M2bUjcgq93P7A1_bxMoq3Q/NKbl1kreF-9OUWEsUN1y9Q
0,9,7tJ0GCyTGyUqbrE1LCdZcQ/OsdabWAnHvq0HrF0fRcmGQ
0,0,2gUx8D-HvnFh71Cl7I0Tyg/tKICnrMEHyI8Y1l4j4Lmww
0,0,yCLBtjhT7Sc7iWh6xQX5-g/PXybRUSsvsnqMVt9JeHPjQ
0,110,5RG-gnDBaQjdQsZA-i0MDw/sePxsQVYRFljqlu_TSAknA
0,0,9CkNBp6RnN5oR4zknulpUg/eUB9Bi4VK8RFG2CIEnhsXQ
0,0,byovVfgvlBNZQxznkjQHfQ/YmCOCK3Cmo1tvJdU5lnxJQ
0,0,6Qz0y3lnFIPmUfr7z8hzsw/6Qz0y3lnFIPmUfr7z8hzsw
0,0,IyF-s0oCqwdm8JoLaKICvg/84mHh9aYDmq3ADU-fWFKHw
0,49,pPi1FENBVMGvJXd7zNDvoA/pPi1FENBVMGvJXd7zNDvoA
0,0,UP1u9U6tLBW-1vEy4dx1bQ/SLoWk_rm2xttVM1EsjfQ5w
0,0,PF-_PZ3Cbd5gPcfeB3sp-A/PF-_PZ3Cbd5gPcfeB3sp-A
0,0,GQOdr8t0qRwbvAWvevbwOQ/h_JqWtVx1I6VJRz2e4MWsg
0,0,8eV3B3lMNwRVOPyc1PME7w/R_AOPOyMF7__IWBrwLf9TQ
0,11,uUt-9_F9I5TW-99Fja3HsA/w_Sk_3sczkLot-eQCQvi1g
0,0,csK7AYspb7Du-lzreBW2XA/l2uFlF4znE3of-ykUxvAyA
0,0,hCJBk9GKm1o9xicL2SiElQ/loZ89uOLbIaVrjOXlUlt8Q
0,0,RKL5ZUta5eeKSLRo4CyP7Q/RKL5ZUta5eeKSLRo4CyP7Q
0,73,qA0snRKSt8_DeYiOBL9t5g/qA0snRKSt8_DeYiOBL9t5g
0,160,bn3k7j6EMDbB1IIrmXGU0g/bn3k7j6EMDbB1IIrmXGU0g
0,0,7bDrptmCdXXmrHzVW2NTrA/BjAJuxXIJyvQxwHP3wEWIg
0,37,Q7T-AW-VSX802BxsZa5uwg/Q7T-AW-VSX802BxsZa5uwg
0,0,s8A8Q-WzamhIet4Ea2NsEg/Afrzg2UVH42Wa_WWAkL7ng
0,0,wj46RMMR3pXWw1SNMuEWOw/yln0TDJ2Mla6EF5N1lgT8w
0,81,DsYac0bbP0UACqJTTJrmaQ/qUClSLpBvJiPmdUf0C8h3g
0,0,aqeAqW1CcYAIwNVDnZ72EQ/Hq-mY5UQ2bMlU4XBdE6X8A
0,0,0Y6r12vcb8bM390g1AqyCw/LaY9ylB9AKlpny3R-N2HVw
0,396,vyFRgbUUBSITez1Pa3NUSg/5qNUzUem_XbhRiAWe9z9ZA
0,7,tqd_P1vq12pJWpDWNwPh-Q/T7o7wCty7ppoeh5ShuNzxg
0,93,luHDhMF-DHFZD9DYlBqwbA/luHDhMF-DHFZD9DYlBqwbA
0,0,_6BW9lexIThrQd1oDmJd0A/4A641_MtPEjiuw3QaysWkA
0,260,FJfZi66nh-tqimdhRcRCEg/wI5nZTE32XNegTG2deKf4Q
0,0,rPXhnfZd-ykhfxnbL3TLcw/byovVfgvlBNZQxznkjQHfQ
0,22,KO6-vFgaC5Qy0X1sRb5ACg/R4Y0I67Eu8eJAMG3GLOmKw
0,9,6LM8SSdLcnzhG1kPWWhLOg/f1e-od6_LxJ8GtRbvQY3_w
0,0,GJ4vjMO1FJTBR7FLtPWtCg/ySKmQcxdwDpJflQJltEhmA
0,50,tu_WBtEY0PYgZuMUGf8EzA/VBZhYiGFhRwki0G_DOp60A
0,9,BVXJzOw_0t6t04ZvdkvtSA/IBoyKXtQwumRYiGLwySijA
0,4,uZcvRsHlJ5fWYjaxGNKXCQ/g_NxNHfKVKMIadYhuwC5gw
0,101,07DQqtEfCi0mdTaqGKLGiw/UIWogfc1mZMBKZYjqs7rDw
0,35,WMMEJn_D7axJ01w5Xw-8Dw/WMMEJn_D7axJ01w5Xw-8Dw
0,0,-Mt5avtryZ_1OBehA_ZaLQ/hrxD5Vax3yg4OfBT6wLiuw
0,0,PhD4yAkkLToPlMGOet24Zg/G4ViNDEWn-3Jog7PJN8_VA
0,188,pYSQ_zKsHiL6pgHGeRKr0g/hIApcFPSG9t037jGMaC7Ww
0,0,fVMPjbU3-drRZ8aYke8VEQ/-HECIpKKo1RRbpamnZKSGg
0,0,fvc79MeyE-D-LzSLYTBOSg/4galTpdpDM5QzIct1w7olg
0,188,4ndRIB0eV1X78Orz13cNzA/VDP7pOcyvTJ6QVHv0Z6EvQ
0,0,fVMPjbU3-drRZ8aYke8VEQ/_QQa9FxRXT7TIQ8rHN1jaA
0,0,uX5-0jB49PzaRQMEF00VmQ/8zcMj9ITczZPQWuaCa4YXw
0,0,G4ViNDEWn-3Jog7PJN8_VA/G4ViNDEWn-3Jog7PJN8_VA
0,123,AIUHUmITKFeuw3RJacm9OA/IP20VQUJJpi8h1hHkvxRjA
0,0,_l5u7I5p4thtW5SjR_9_4w/aZNCdVXta7fh7eCMzZP1CA
0,0,UzWxqY6vuoTV5I8s7atKBA/UzWxqY6vuoTV5I8s7atKBA
0,76,ZAyKU3aqEvoVzwITDOI5pg/GSeA3o-OYiTSC16GK1WMCw
0,74,8CETI3paX_8D40ye7rRmQA/8CETI3paX_8D40ye7rRmQA
0,0,07yXTyIXVBsTETdjML3f7g/6uGLxB4UNN2Y-i3ZiVMdqA
0,0,j5YMsnt3Mg7nuHqj9-jxRA/c9De2QICFFU1dCCgFsRFWg
0,0,9CkNBp6RnN5oR4zknulpUg/ApZX4Qpxn89bYDFHngEc-w
0,42,369IlhaVCeaPKuOunc50Aw/ojP8LAP_6kB1TJR8yE-RrA
0,14,YTpQnA81F7pAEqeTUHe3cw/Jm8mbFLdH3RmK4rLUSCPVQ
0,0,qQgxMIXdTxbeqkwViX51Xg/qQgxMIXdTxbeqkwViX51Xg
0,28,2O7MIA0vmHeJMpA9dncC2Q/2O7MIA0vmHeJMpA9dncC2Q
0,0,0YuGJKD19yHae4I2X8Vi3Q/-kOsrp7yHHDtjA-YUISVGQ
0,0,CfzlxCGqgm1WOVViJPyXVw/x8UYaQDfjbVrZGi4vB16vA
0,0,ty5SGIvQecw8NG7Wwu9XtQ/7q1r8bKilkk60STHPRHkYQ
0,347,k0gaQv1wBiMMYOcmsG17Fg/4galTpdpDM5QzIct1w7olg
0,18,Df7rE0gjFhByXrBcY-b-wQ/OI81F-2lvyYXRlTInJ0gHw
0,18,DMJAmAd2zQi9_l1sTGk2Ag/DMJAmAd2zQi9_l1sTGk2Ag
0,0,NEPoYdvzc-44QkKIWCPNpQ/rDP283O88Awdw3oy3AbNzw
0,0,NEPoYdvzc-44QkKIWCPNpQ/wZ5Nbv9V-IU-qcw_hqvDAQ
0,0,NEPoYdvzc-44QkKIWCPNpQ/lczMprc5TT4FVuZqbYGUpA
0,0,CfzlxCGqgm1WOVViJPyXVw/yB8ZIJ8pP0li6NkcxUngLA
0,0,1e_zrJhEPhOaFWois09KUg/9GK7_mGop0rYh_-gvZLG8w
0,84,R41If12wAkwOFE7xGmxyfw/Zbcfd3N4AEXvx6UIY8FnJg
0,0,a3tlXdIvqj8QZ3xRJJOooA/-B6YbuTJ-A1gAr9TArPqhw
0,0,gLGRwzx1XVeT8ZS0lw0SbQ/kpKmTXxYD79dV1QqU266-A
0,170,W1w5v52dSI9_AE9dwdiOdQ/W1w5v52dSI9_AE9dwdiOdQ
0,124,FLwv66NiwyRmPbV0J8MFyA/0P0HQfP6N_HnEeyBA4OnDg
0,0,f468kVpXD838NfyVy4LmlQ/jXd_OF09_siBXSD3SWAm3A
0,19,6ypGgudR2q_KwDi3vbqmqg/uArwPNB951-HFcqHZ-oL7A
0,0,fVMPjbU3-drRZ8aYke8VEQ/j7k9S_1fZ0rGaxIC21_QNA
0,0,fj8Spm_Wyi36r6fOuNLB2A/6RtZSvYExcPnMhwQYuCOVw
0,0,CfzlxCGqgm1WOVViJPyXVw/SogimW9x8UQ_kiQH-6Rw-A
0,0,CfzlxCGqgm1WOVViJPyXVw/eVtaWoTz9-TsKlLpGWJhog
0,7,A0jc13SiiSCXudXITOiC0w/A0jc13SiiSCXudXITOiC0w
0,0,PWJ39e4JATmUAkGDtcZ9PQ/z-cLk_zbwsNTLbxrZUsW0g
0,0,CfzlxCGqgm1WOVViJPyXVw/DKIHjLiHoQS0OdYdS9pfaw
0,1,GaEB5C91oeMYPwccKV6jDA/J2gZDYr8VL5drAyH7-g24w
0,39,sqt9nEpiNjdpRgVShdiPqQ/07qPnW6Da7zrgTI_uZkSAQ
0,0,lI5mebjUvQrVFGUqF_FVfw/3hSUwHIlRlp_DBGWB4D9ZA
0,0,f5IXENjtM2oiU0m6QKhSbw/ZRvDJRNikKYkov4TpyxN3Q
0,0,-7k3d8LN8Jh0NE3KPQ4FoA/0Bdoyy_1ZIXR9U1UF7rwSw
0,14,rkfWS4RqpM_v_V5aIogfxA/PBCypCyCARR0e9sR6JHeKg
0,0,AgIgEnJkjKzvgQ0KVz_4Pg/vS9-iIaSDlTh5DQqHGDBlA
0,0,MvOyCyet2pww0P4qUt4CxQ/q-EPflr7uzp5zmGXOVQRSQ
0,29,zCKXZ_EjOPjnEpBVGuTe5Q/-0a8XADQXrNBES5jMFgOBw
0,0,E2qCiDWXt6Kd_VSw4uiwOA/2AUQEu2FW6ugkArG2qt7Jw
0,7,UJmAQBHj-_CMwMW6nf3Msw/dtfUwDKpAHHHBqduyZEtxA
0,0,fVMPjbU3-drRZ8aYke8VEQ/CfaKrq-rLL6hGANPZ6hI0g
0,23,uUt-9_F9I5TW-99Fja3HsA/MSyM2Pl5sSpAsGtGTHjxuA
0,0,pvSRVZeDXXb0d7Xf3jvEww/rwBv_cVyWdRRcAPlNtCsAQ
0,37,RBEwj-sJ4Lis3cK7CseAaQ/RBEwj-sJ4Lis3cK7CseAaQ
0,0,DKa1C3psa2D9pXorj0aT7Q/DKa1C3psa2D9pXorj0aT7Q
0,0,CfzlxCGqgm1WOVViJPyXVw/2dURsBM53_RhCIU5CekAhA
0,22,Gt7OLcWftD7-TEPkKYGwBA/Gt7OLcWftD7-TEPkKYGwBA
0,47,BElMmws8e8aSfx0RzsJRNw/BElMmws8e8aSfx0RzsJRNw
0,0,yZF7bnpkqs87yiFxtD4Gbg/V7m7f_fYjYDvVJ-hbotfhw
0,0,YkKdWUtv_HEvVK7pdqGLRA/YkKdWUtv_HEvVK7pdqGLRA
0,10,Ob6bSTfzELM4ZAIbS1kIlw/Ob6bSTfzELM4ZAIbS1kIlw
0,10,IkWznBd-k_wBW6BRvk6FdA/IkWznBd-k_wBW6BRvk6FdA
0,0,XgdaGWdkP5UDVgwT0zZwMA/5XL3YT6d8RMXJzt8uxa_Hw
0,123,cuuO3CBoXGYKpyOY07vvVw/BVxkUDDcpK4GieQs8rgOCA
0,0,5p4c9tS1dhb36Qfh8BI2Vw/OEfr7htAhrtOZHl2HDu8Tg
0,0,_6BW9lexIThrQd1oDmJd0A/6vmuTakT_WBB1Ng3Zfp0ug
0,0,bIzPmNbJT-QvAR2m1Bx4tw/uSX0St9xRDlahi-vELbCYg
0,0,Xe_CpTfhlZYePiO_y38Myg/aYICe9B7B-8dqYhdGlgdMw
0,21,FSfoiHZ83OFdIAuHCznP0A/FSfoiHZ83OFdIAuHCznP0A
0,0,_e312twSVUOoPSy2Zzw0oQ/NeZcK_JLzc1Tx9MaDprAXw
0,0,7HfL1OF9wOs2aKH640yxtQ/bfeO6-xmLReWRvz4hiKqeQ
0,50,1OClZOKoq1qXeXGRSI6tpA/1OClZOKoq1qXeXGRSI6tpA
0,40,wYAjXDCpgEhKUSRy2X-IMg/wYAjXDCpgEhKUSRy2X-IMg
0,28,tu_WBtEY0PYgZuMUGf8EzA/aMA6dhUtxT_dLHx6sH8nIQ
0,0,y-vqzu3pUR0TOlqHKBmYhg/jwm9TFdSUWXwCTo-ZBlIFQ
0,14,AGmcni3H20GLaUVBgbpOyw/AGmcni3H20GLaUVBgbpOyw
0,0,vv4ZOCccO_jXj8u3l0VzOg/DpMHa6nWDtOSTzY0eeguGQ
0,0,ZkfFIdzhoFIJwW9pqDU7HQ/qrrc8AZAWndGB-awv1Z1WA
0,0,FEZToCS9pf4aziYLrWev-Q/wzfhG_yp8SrpsTQpAeBDeQ
0,50,37is50knMYEGDe0PY8L6nw/Hh07dsqkDeOTBXM2Izic0g
0,0,j7Nz0ajRO6EX-dJhF_egxw/UkyB59m7S_ED7I1tatpJzQ
0,0,sSCmVLX0x8343SChf0svvg/TquS-gbsft-MqERpvLy-NQ
0,0,312hLm6ZijxiOVHcOUDIaQ/mstEVJtBVjaXu0kBROxiWA
0,0,yG0dooRf_EK30lRDrivQyA/yG0dooRf_EK30lRDrivQyA
0,17,XojeUiqAV2BzcZ2ncT99yA/G6A_V7hf1OVogz6SLGCXcA
0,12,c3DWfEoddrH-llYleJ0WUg/NWg0Zw8mTC-fHNonvbNfOw
0,34,61bcUYRPF7WCegWeoGS4tg/-qqsnLGMUAqXwD7skta4_A
0,17,dn7GNCOC5PbmHrazCad-5w/dn7GNCOC5PbmHrazCad-5w
0,0,FYB1TC7Pd1HpyPtY7_2aKQ/n_7tclb5AWlEv_PkATE9_g
0,17,bU43nrlNrrtKJ2oIvQUbyw/PWUPuKXfAWACgdSMR8n6YA
0,0,6qHn5jjdCZfIeI0cClrrqg/ihl9ERnvLUkXF_ga47rxZg
0,48,smXjtubw1FPwWtzDeUxUqw/smXjtubw1FPwWtzDeUxUqw
0,0,hmMq-ZVQCWaO4bAvzmNTDQ/MulN1QwnOb0hDADkZ5JBAA
0,0,ZptOGAg92jO09aBoO-2XPA/hlwMC0qw4GPlyqM4fBqHQQ
0,0,MoGVovqfJhXfCzwjqCLIzQ/G1PswkuK2pLwu2zXcbF3dQ
0,15,iy1eC2qfLk1MEUhwwL1_7g/UBY00V-VJDlKi_EaqIsUjQ
0,0,4W3a9Pkd9SSye_Ty5LGsCQ/eDf1UGj1pvsBznlRlp4BDA
0,7,KfzF98jwtqnj_soHOYVKPQ/MqkFxa4eyVVcN8G-d_hR4A
0,0,sP0NPgKBIFzIeyEV47Fkug/k4AuqgaxDGuNJbWmatcFpQ
0,0,WLIrcFUXAbUoetfiACKWXw/uzRitizY2z-boAfYb40cbQ
0,0,rhusUndzk_t_DlBDcrTMtg/rhusUndzk_t_DlBDcrTMtg
0,0,4uIygWmZVrdLq_qS-tMogg/6FBvEl0a05ujJvJtaNgOPQ
0,0,fVMPjbU3-drRZ8aYke8VEQ/HQ7yt73lui5_jOvYUxfawg
0,0,FAhkB4rsocfDW0vrM8U8NA/tlM4NKe5TCFe7-ABEgCaHQ
0,203,0iPhQ5GI5Hg0nVJHZQbCLg/0iPhQ5GI5Hg0nVJHZQbCLg
0,0,9UqGsnAWbQtb7BrmVjsKzg/pFEDhCNsjoOgzztti5h67w
0,8,3Ugnr4eybentkub7CO_Fqw/3Ugnr4eybentkub7CO_Fqw
0,72,QUxfX4YH52mKjnTni7xVaw/QUxfX4YH52mKjnTni7xVaw
0,17,ROU1xefNVT4vKuPqT0TxNA/fs-TOkW0rbEMdcOzHv6iqg
0,0,-7k3d8LN8Jh0NE3KPQ4FoA/JeQqTYsPD7YpZ16aD8Uyig
0,0,6tmhbwwLbyWwwj6S9LTKCw/Z1fvy9GONyoU82lWBB4eUw
0,0,xLOmXRUG63E-N9kn_wuegQ/6zUf0y7FLA3I3qHHhWJu4w
0,72,2-scMrZv13F95YPZmfieww/1EaArWHXzf8AhyhA34CX6w
0,0,fa2nwE8oCu19QlXsLAKsLA/KL8OumYxtVYyR_G0LZp_Fw
0,0,WglrY9_epSzis_kVN3r8xg/0nmWHCbue-sCC31xmq5kiQ
0,178,SnaexRrjR3uqjAdCjdKsyw/ykxQuQXcIeoXoQVJpvWUTw
0,27,j_iEz_GAbgQ_fstv49BaiQ/j_iEz_GAbgQ_fstv49BaiQ
0,0,sI_ZiYiaAikHKw-ZE0uReQ/rT5DTDDZzewPGbh7cwHJ1Q
0,116,C6HULmps_iioIeyT1gO28Q/C6HULmps_iioIeyT1gO28Q
0,76,yCLBtjhT7Sc7iWh6xQX5-g/YG6vhGxleZFjVBmbRZU-4g
0,53,ZAyKU3aqEvoVzwITDOI5pg/uxqZLw7NdEzhKXLWNFkT3Q
0,0,xZz3-jnU7Sza8Zl8wW-QLg/zx6MFOVFBfYKoQzrjV2Ksw
0,10,iUVY7mQh0NAka8QQXlJCKQ/L-fOwxMfqWYpBuz7LqyKSQ
0,0,yr_fJbQfJCh0YbsparP2zQ/gGrR4aSqZJikt62u12OSkw
0,93,Ka2ESICRmlfleg0P36GReg/e0ZMQrhQVV9tP_LcvUeQkg
0,0,mhZqCubeS2dETOrZ4O85Ag/_9SGejlgC41OIZsEbxjftQ
0,49,UUy25KWuvkJaoHv-ndlqHg/Ns34uIelz_x43NXAiZG5kw
0,0,VLx3C5yyJgymMgnCIFEX0A/VLx3C5yyJgymMgnCIFEX0A
0,0,DymXN49njABx248_hYbFuw/DymXN49njABx248_hYbFuw
0,0,WXS7Ld2m3Hte7oF72k-i4w/WXS7Ld2m3Hte7oF72k-i4w
0,17,v6qI7E9vYBfwISf3HgUhNA/OQyNLT6MwjF1RlYiisEJyw
0,0,VymXmC7knpZ3bQM5h4xe3A/nTu4lfIr8K-pWNaMKlje1w
0,0,lNRjP1DpyQuSte7dK7X4qQ/lNRjP1DpyQuSte7dK7X4qQ
0,0,Yyotk58kP8YCCYxcT39C2A/w2-1ssPzsvsk-2nxXWaxdg
0,23,jTEmxyMXafN_iBUp_VDM7g/zF61NUdLPtmx-6VKOzhOtw
0,0,XeY2Qa_vDzjBAXVoa5WzVQ/T_eG2Gajr6K45NTPNqWdkA
0,12,2bL_hc3RIUujEgCYopaKRQ/M0wVLlSXICEeUSXPssb1Ig
0,87,lomLuFRPpWsDwIzcCYhsbA/t6P1WLqoq4rbOLhzPGAbjA
0,0,VymXmC7knpZ3bQM5h4xe3A/cYHO9FEK5Ck1Bo2DcOvK7w
0,1,7qBbkmZHw3V1fbW1d0oOsg/0fsisFwNNAHA27jnOHyn9w
0,61,PbPbBu1C1t7dQ15v0aSymw/PbPbBu1C1t7dQ15v0aSymw
0,8,oL9qHznR3vlsRs82URepBQ/nR_BSnTXgvEdc48CPbHPrw
0,0,RIQGzqsxBu-PrIAniUoC_w/d_byxKL3iIiiaB2NgEdinA
0,25,m-hOVjzz0wj_EEMTjRjMrA/5fsM2hL5DcQ0Ekfdq1TR2g
0,58,LqlRDDf3-J5JQf919i8hyw/LqlRDDf3-J5JQf919i8hyw
0,43,y7RYG6Otod3vm0Me7yZgzg/y7RYG6Otod3vm0Me7yZgzg
0,0,6nF0hjjcRy-xApndCzWORA/CY9rzUYh03PK3k6DJie09g
0,0,qcUILOIB3tkA4PhHlIDVKQ/019-3I-zaW0GO8ZtJwpE6w
0,0,nFSdrJCClCaJJDk_-m2qdA/GkxUysfwWXhr7X-nDWepDg
0,0,5wNbtpU10IC_-w3Mompsog/axNa1DmkNPHR62IaTxGDZw
0,0,Ciwk_tgmtnUJ7Z5RXNavQA/mRBZa_C1tUElXO-ldGu6Sw
0,0,fVMPjbU3-drRZ8aYke8VEQ/cSy3wY6rho9QJQBSaVUz-A
0,10,T0_dwl9iHkZVIGOFCGdUkg/tIIrXT97vz6QgwyLgJ1zZQ
0,8,c-7Ct3qI5NLX_5vkLX90AQ/0OuBf_NOsDAFd93T3f6F7Q
0,136,nZA8zWghL4X8LnAORzPlLw/T7V1IIamggE7WqzQC8kT_Q
0,23,fAtM2llAIAxxutgz6ZGn9A/fAtM2llAIAxxutgz6ZGn9A
0,0,YnU8tcDUal3y9ZmBjJfLTQ/Wj1wx9ZqkxjDSx_1T4nKbw
0,0,JmQRRFvmzPwsmhI0ZAEv4w/bmiqPImlQGKrfGzTGzMWOw
0,355,Blng3ihygUc9pNhZ8LnvNQ/Blng3ihygUc9pNhZ8LnvNQ
0,77,h_ZNXAzDSL9HzRfJEfQ5bw/h_ZNXAzDSL9HzRfJEfQ5bw
0,43,UJVdSyAxJx-P2hdkwaZqww/UJVdSyAxJx-P2hdkwaZqww
0,21,1e_zrJhEPhOaFWois09KUg/_Pal7zuSTfiuKbjF-HIY5w
0,118,qP4Iqi480A_eYm0UeMhqlw/Pg0uzOBWBkUkBpsQUhFmXw
0,67,L8Aex2XsDLPcxVkSbeILMA/cK0szhCTCiALtViezf091w
0,109,4b_XYjIeQJzuSsC26EGWPA/9VY0JYt6nZe47aKobwCyNA
0,5,PKsdZHYTAOR5eBQRHA8Grw/LSYvKqTyo6dr6MwAvGFk3Q
0,4,MCGAjiR89Tp1f_tWZw2O2A/f3peyTZ2xSn5jtBwnXYpLQ
0,219,sdJgBxZrGacBeivlyJVimw/QBNX5Xx2WWc5O6ORozjomw
0,0,Ra5LfAtD5UMFQCViJWaW0w/QlgiDmzWhl6Nz0EPAifwEQ
0,62,BbYFPEGiEwr9b8OxWL2k5g/FHVPE-UoDF1J0q5TbC1X4g
0,0,lcGl3pxqJOieyJNNeeyAhA/Nl0Px9Ygb_JuLywqeMkalA
0,0,9-ojITaUdq-LgA4PO224OQ/_hXMBb9_NPbkVn-DV4GX0A
0,0,qO9cRC2FQfMeG6D-Br3oUQ/PA7dt_zzwcPGyLxWCXhlZg
0,0,ItaoTAewq0THp2jkGCHLhQ/_vx4xAtbh1OCwZzIFFjaDQ
0,0,8Rw4Rz9wjwNEPN2i53tLlQ/0vu6QBefqRNN0cXDoBmBCQ
0,214,OlgPFCIDZ38fC8MImPY_Uw/hRwh3bUr2pp7hf7XBG1XHQ
0,3,cpXv5EW6OwGh0pJ-XtVRQA/p0rY36zU-YXrOXdRdhXOJQ
0,31,xFFF6oASccw0LZ10iN9kbg/xFFF6oASccw0LZ10iN9kbg
0,0,GTHtNgyAcNlLOps7yR3bzQ/3og70qja4NX5ylBfpWwb2Q
0,2225,DAjBaBGxX7Ls5vGDCxMGJg/uOCLsd3iuQquCpqBoCOawA
0,0,r40NrJJHpjVy2lD8JFiw3g/EUlzC-SYzQlGAC7zzZEfog
0,39,qrtmtsSP0_TF1-hiEGDqyQ/qrtmtsSP0_TF1-hiEGDqyQ
0,16,m7-TRH9XwHBGEN4ftEQkfw/G-HWYwGMko7HRK7-iO9fIQ
0,0,RIQGzqsxBu-PrIAniUoC_w/tZspZEBnB2zOTfD5X7IrXQ
0,0,cP9LpcsNYAJb23ncAgjbPA/h_JqWtVx1I6VJRz2e4MWsg
0,0,N76Nx1qvI79KCXFCD7nZnw/ewy_P_zjd8muVGvp5yQ10A
0,0,Yu8cvHfSr0c3dOhof70Biw/_9SGejlgC41OIZsEbxjftQ
0,26,-iwZateOfGEjZLOK7GDu4Q/dLVlhloZLMhpPFMNSOs4Og
0,1,doQNUrl6BEIxCLiFg1qlsw/JLwoEkp8OjFiWENtC2WTnQ
0,71,uGauIVUsEVa0sBdufGFAjg/uGauIVUsEVa0sBdufGFAjg
0,0,ERYsrvcyxYnJWrmj_mElhA/ERYsrvcyxYnJWrmj_mElhA
0,16,D9gMcXDS_6D3csKgLZq5pg/5-lqaGuTKq8yGoYP78vSaQ
0,16,6Rxz-0WxNs4djew8UA060A/YmCOCK3Cmo1tvJdU5lnxJQ
0,19,jvKVly2QKbhcNl_Z_-4n_w/jvKVly2QKbhcNl_Z_-4n_w
0,0,zWSZMmRKYT4sRd69-ZtUUQ/qA0snRKSt8_DeYiOBL9t5g
0,3,gq_2QLG0XV02qLPUzVKScw/oW2sIZtsd-HPuk7R2r-aLg
0,0,CfzlxCGqgm1WOVViJPyXVw/6dh7Gpo7-t6BEn9-u2_0FA
0,16,BbYFPEGiEwr9b8OxWL2k5g/E7Pz527QGKEFverHeqiWfg
0,6,gsK2lAwasQxHGG1I2LP2Ew/e-YiLy8P1IlZbuKqiAK7WQ
0,218,yruN9FS_o5lM6Uw98pGX3w/SKGRaeoEImOiiZzm90f-Lw
0,0,2odpHMvtFlbYHFHT-3o_Wg/QOr5And591ShRKD0T9gRkg
0,116,2iCNnL1JJTzHUnHGwmnrzg/2iCNnL1JJTzHUnHGwmnrzg
0,0,9CkNBp6RnN5oR4zknulpUg/bloCA8UL0D26qjc9-YGSzw
0,32,DXUQl8d5BBrhwGo5eU5d5Q/iS-SlfdKFS3N_iSpaYLX3Q
0,0,NYU3dGWMfoOjxhAzLqmv5A/kAKrLFx1W-nwTKbPq_zHKQ
0,71,rzRfNp8yc7EXP9FuaY6eaA/Y2I5AMi78hxwbEXct6LAgw
0,33,APM75qstgVEOod4f94qL3Q/PvzpVcK-1nWUbPowz7jbjw
0,41,JsrncYwyGAp6D44Z1tQKWQ/h38SI83CaZogHxRdghQqcQ
0,0,kAnOI0-_l2nnDLSOWBalgg/kAnOI0-_l2nnDLSOWBalgg
0,0,5o38Yio715uqh0Mm-w_tVg/T3H7Z-lWPKCvs_GG0qgX8Q
0,59,AC_vHBWs5oS8AEyxtRkIwg/j3XbDRUDSUJ8ibmrKxO6mQ
0,55,BxCqy1SX1JluiwfH9N9Hww/8fWOjAayphzhPgwKqUc6cg
0,0,eBFucFWghxq0Y6e3xhMCAw/EFR4lrXsh-U1EHhy1ieVKA
0,0,kn24a_4eoyX8xSiTmhBwuw/5_YNe4U9RMspgieKYTI1tg
0,436,R_zXM6JeiL3D5NmXyuIljw/-1nXN-kukUAZKkILNiOpvw
0,0,K2JDRDiFHipad-3gCABfhg/rFcnhk-hFRGGzEO9GIT_xw
0,0,g1VsJFpwdFpxnHPtaPXZsg/JfazG-4pkvVH2gD99kV_Tw
0,25,1e_zrJhEPhOaFWois09KUg/-RzV1h4eMxs2D9v-VliMvw
0,62,kjerrEK1tnVTn3aFCu0zVg/asn7bmk3RQG-oLytl0nApw
0,0,EUZTMBkEOmLHuEw8TRj7ng/EUZTMBkEOmLHuEw8TRj7ng
0,58,_YcTRnZNA4zCav31G3NbLQ/uONtkbFSawxxLbIyfHKIng
0,103,8Ek04YayN7Xm37eYRYCnGg/H527GezYyjSKS3BFQiEQ7A
0,17,khev0udKJyZHehiYi6Bu5Q/oMwrMi6hs77KoiS_QEGkPg
0,0,ApZeDQvC-veHWlifafC30A/9fl8kq451JpPqH2X6z2J_w
0,0,_EKL-3RMIpDQ2d_QQMj2qQ/KyWRsXYKxR8RNB3KtB744g
0,67,ZU24oUpfYzubqF7JLcUffA/ZU24oUpfYzubqF7JLcUffA
0,71,BKLipbAApxvcV8YQvUZSkQ/BKLipbAApxvcV8YQvUZSkQ
0,0,zg626w-AwNr1VK6lko3t4g/A47Ep_BEVIvFh7n0P7rUWg
0,19,tu_WBtEY0PYgZuMUGf8EzA/qs1-g7Oa0Wi_Z_kQVf7zoA
0,0,5kzmXfhGWj0USfD9p52-3Q/Zeq5YWBr_9-EWXsmEzzvzA
0,39,EOpZDTTNNRz_LOTTT3VKAg/EOpZDTTNNRz_LOTTT3VKAg
0,0,IxkG7JyJXSRokhzwB5OjfA/mstEVJtBVjaXu0kBROxiWA
0,151,p11FI3fzmWvcS2I6XfJYIA/p11FI3fzmWvcS2I6XfJYIA
0,24,S2vbGZtOfEjxoRMIhUBPLw/S2vbGZtOfEjxoRMIhUBPLw
0,0,sF2N2CqfSnyR7P85PFHrpg/TkkZ64QMArPpHSdB6k8vHg
0,0,3cBi0WKoZp_oGLRNqm_Rkg/x01tbBoJhkMQyPIR5IxtXA
0,0,TZKd4TC1k1jdJ86gGjz_EA/TZKd4TC1k1jdJ86gGjz_EA
0,2,3d-B6aKUxUI7k9jnkAB-7Q/JRDDkBHFvnBBgkI-OmlekQ
0,91,dfV1D23Wr77FewkooOwwaw/7lvO0lKrd-yNYzwa_afF2g
0,0,s0F-xH7opKPzs94YbsYdOQ/8xJe-yGoEY9NJbe1kuxFDQ
0,2,wUwXPHo4UAQKvZ5t7MMGYA/xey3HZOdSCuqanRIfs7l9g
0,0,ulVWeizapWXGL_jXH_kCmQ/bvkWG5AGMmcQIjWCFsff5w
0,0,sL90t6zWeGrWt3yVs6qJ5w/D0VyYxZ0284hmQuWMDcvFQ
0,72,DSc3_UMnEXaHpk-ndBEHRw/DSc3_UMnEXaHpk-ndBEHRw
0,0,xauMjx4zACEkiKMMEDkzkw/au7WHO-evqf5-ZOqpQtklQ
0,55,GAuBpYym3emQq6dhtymfQw/GAuBpYym3emQq6dhtymfQw
0,16,GHiveXQT9MT3otetyX0Z6g/5RniP4iUIclB2TLR6k_KJQ
0,0,1HfBvgzXfzKZFjo3SfMOkA/1g0KprTF-FCeFb-JuHBL1A
0,0,0YuGJKD19yHae4I2X8Vi3Q/gWpl7HC8bRe4tH8S7ASf9w
0,70,JsrncYwyGAp6D44Z1tQKWQ/CqQgIku5EGGsiqziUAtpkQ
0,0,WuPeOy8quegmAMFrrF-wUw/vILElRDoJsPL0Wa7oMdHbw
0,0,Gr9Qghyji9LK-EA08Aj-cw/FNj4qe9jje_M5YVnWN1PUw
0,0,HUVSEeYir1uhZ4_znR-K2Q/mR3Rt6n5Tr8yNH-FMWz5TA
0,0,9i6WkCrYMECCqqIzKp3A0Q/NSEFph93jcolkrRzDBiRVw
0,20,XnQpIDx0kJXy9_6yLUzDhw/Hvf9CqBmzLhb08B8DDfn-A
0,113,I7KWrt4LpodNclPEl5HM5w/sW3PCwTasyIoRH5q-0zZBA
0,26,pv6IHOzT-3ZgCDrqNczkMA/pv6IHOzT-3ZgCDrqNczkMA
0,0,GJ4vjMO1FJTBR7FLtPWtCg/lFVBmvSjqht3x5YQnxmIuA
0,0,PaSB0TP0XR11kL-my7Zlhw/Nq0yv4oMhMKrAQPoXua5YA
0,39,L8Aex2XsDLPcxVkSbeILMA/vSeTZPlspcvKeTidVJ85Gw
0,4,FSfoiHZ83OFdIAuHCznP0A/gxZdxNOECwrf8dAUDYdPdw
0,39,oqszGqS3OpKYkO4_LbqECA/pQ6787ANsEn4Q32DI7CIwQ
0,891,X89V9BmI1EycX_7vc9jTSA/ooSfaO-g70S4EZ8G3GIU7Q
0,6,jsamuNGdKxtIhw4iyR2RRA/IzQHeOSCzwJjbof3Pv4pgA
0,0,wpdFeo3wu2knpAaFfcqG5w/k-NxQdvhDdp8GKdgELBGcw
0,60,5PAGOLihDmmU5nry-DLVHA/5PAGOLihDmmU5nry-DLVHA
0,5,431w5RIbrGJfl_r0lWLB5g/pak0aJBxDfDuWfVoYOVkRg
0,28,PSWsg5RIjKSfFI9LvZ4pBg/aMCLEYovFxzTH8dsbjE33w
0,0,THXLjsX3x0se0_nj4-ux6A/fH0rnoOJzFQdxaYV4FvPHg
0,113,PNE6J3-8L-pe9kNkyLb4Uw/PNE6J3-8L-pe9kNkyLb4Uw
0,0,FAhkB4rsocfDW0vrM8U8NA/x48tfDezFe8qzB_Gbe_tMA
0,0,R53LTJ3gpksRk05oFlUXsA/1ZSIMAJVO-12_3zqVNvhDQ
0,45,kFvDODe_Ap6AuUTZ1cTOoA/LucDL43LMFdXzupE8TIRtg
0,406,4Q9OtKGrW9voMzXGucMefQ/5TElJ1hUQCQA90_Wqz92WQ
0,93,aOHbZMn2q7JmhIldU0dEIw/rxpjaaOhQt_HL6Zt8YAHrA
0,1,bc2bYdmyZjhDjq8WxW2_4Q/o5B81GHYc5qjJmBHvEuMDA
0,47,lOuRDTANC1z2yWfYZ___bA/hc9ObUKnHmk_14DIsprM3Q
0,6,exexHv_ewWKYM0WZC28a2g/exexHv_ewWKYM0WZC28a2g
0,0,ARlvzBqrJxNrk9zoXwVc8g/mTPZIw8yCoequ-XllDJDYQ
0,11,RdqJGzO-4cQr90pCmvLRiQ/gLdosVw2k-NFpDa53A6jbw
0,11,MCGAjiR89Tp1f_tWZw2O2A/_I26c6MGCDrgGr6-hOYX-A
0,0,_KWDYhNDIuxNdPdoEnV8bg/XdXhTmXu3j14HZ0tr44usQ
0,31,jtGncbwjbCh62Txpm_3S1w/jtGncbwjbCh62Txpm_3S1w
0,51,hcaTInVuAf1KeiLeVeGXQw/kf-x8npWqzQdNY0VBpd0RQ
0,8,PEuTkIeBHzKFdeNYRDpYgA/PEuTkIeBHzKFdeNYRDpYgA
0,34,JsrncYwyGAp6D44Z1tQKWQ/7iwenjfbyqRHtfrDovfgfw
0,0,dnTQbb_NSZIEi5oCNlAkYQ/zU8cICSaFesaURLZHbnl1Q
0,77,UsZL0HAETJxVNhB5sBZNkg/SyZpyD6w7ww1sGTyJVDj4Q
0,0,0gg2twvaoGedPcLHUhNJcQ/ZgK76ylWwDX7TLXoRKSGGw
0,12,uu9YoLoEi-8mkChYuQUIyg/uu9YoLoEi-8mkChYuQUIyg
0,3,UbRDeTfxPgWrSPTh8AaBvw/AnoyNBJfis7d_p0yAjIARQ
0,107,88CxV12tyAdD4LvTvtL18Q/Pe3McGXkDwkpESmz--Uvdg
0,0,_eR3XdX6eXVffZ4chZ8Xww/7lvO0lKrd-yNYzwa_afF2g
0,12,JsrncYwyGAp6D44Z1tQKWQ/z_VJcSEQTCuODLQe0gg6mw
0,6,yfxePiJ7kpRX-DxvHlAEyg/FT3fsVrh43t88ASyAcPj_Q
0,0,uZcvRsHlJ5fWYjaxGNKXCQ/HNa00FIBAAD7-VJpwvPPTQ
0,0,UjIFTsHK2j0sB5rzF1YT_Q/UjIFTsHK2j0sB5rzF1YT_Q
0,12,x_b8DsFRgHAijBr4X8LCyQ/jLxrp8i7oTPOK8RHgNiHQg
0,0,YcMP-kvR7vnLX2e3ipOVvw/PhwfJunmBLPImotZ_zPz_g
0,28,3Yy9HZZYrekxvpJsNsde1A/fH0rnoOJzFQdxaYV4FvPHg
0,19,UWJyf6rhuHr1t6VqewJSJw/dCp2BGmcVoqhmg3dcwhVdQ
0,18,VemkfETAeqVyhw0s77AlUw/VemkfETAeqVyhw0s77AlUw
0,20,mEriIFlpr3ZOggobwyMuaw/mEriIFlpr3ZOggobwyMuaw
0,19,mZvGsYNRu-gX0m9Vm6QIrg/f6QnZSG7y50vgX3Dwn-ywQ
0,18,hy1zLnr7fNoSUsWP4YkiZQ/auX4W-HNPrs3HceaUK68Xw
0,11,tNoTrAsC-bnIHSOewpbnkg/hkvnj0cYJXinF19iDoyxoA
0,23,oL9qHznR3vlsRs82URepBQ/T6mNwEqdewiht6vp7iW9Bg
0,0,-1vr4bffSOZgb9_-0s-LFA/KjaJ8N_PfiPY5KB574VWag
0,0,MvoH47fLfie7aVkrC490iw/GEqgd98IuQrJ_igszqoyXg
0,0,Z7BT6V2rwc1Yyq1NgDZC6A/UuUC8yke7j5HWZujOEM9jg
0,0,xauMjx4zACEkiKMMEDkzkw/c35FTIzlYLXWyR-HjhBYCw
0,9,HXXGDX2cQX4ReGrZ02HJ4g/WRvCl85NRqRA8LKmoXFkcw
0,51,3YeyMuzi-AcyVPShEaOqcg/3YeyMuzi-AcyVPShEaOqcg
0,83,BGOPdmADKN1jKHWj4QQzEg/MpjxMEnRnP-qN8qTHdTUIQ
0,0,t03ZRR0lfCtD8mRKfulXAQ/UAifF03K1mh8itGdksphjg
0,0,D8_vGeJ0d6HY6g75hJn0zQ/oLU7rUmE1TcSjzw9blXuxg
0,201,82IvZBln19rRoW46UUtn8A/eWq4m_ZVPtyrex1UsD5i5Q
0,0,PHlycBAkgMtNEgfR4dB6Mw/dJD-F8rsNz8imdZbbiDogA
0,111,4W_sl7i7rx8E1y474HXEfQ/4W_sl7i7rx8E1y474HXEfQ
0,4,tgG2aXhpr3jK2sPTr9AmFA/mSYyOIKpU29f66bd1Gcsvw
0,0,OlgPFCIDZ38fC8MImPY_Uw/DbobO4bEOjNuYucbWP_3mQ
0,27,f-x4sMpyP9emG9a_u8NPjg/V0cKqp4ira76x_XzQvHG2g
0,45,kdTTwuqK9adQ7mkgVPQE1A/kdTTwuqK9adQ7mkgVPQE1A
0,0,S0tmGkCzEoDB5kREMvu-_g/4XQYmY5bnCTfArUX9949Xw
0,35,dScuzqKc55jLjeGb6hp0tw/dScuzqKc55jLjeGb6hp0tw
0,0,kpY6vTbIlrk6Nrjilv8zhw/2NO8__siOqv3OXNFFUixLg
0,4,XRQnHHmirNFQyko4RR5Gzg/TrZkThvQHwWCnz4hJDm1AA
0,2,2-scMrZv13F95YPZmfieww/H2msEZfbztCzGoVyp8AvMA
0,1068,FJfZi66nh-tqimdhRcRCEg/14J0WpwqdLgBZ0hqWEVlbQ
0,7,GdB7Hy63vY8MjpZ7Io9X0g/GdB7Hy63vY8MjpZ7Io9X0g
0,0,OSA4M5XJcS5_U6U2uanHyQ/CQjrGMGIlASZyXbkOpUe6Q
0,130,t8yx7p6vpK1iruUtW47GDg/YUyfZFf2iWwIPOKQXU3OUg
0,0,eS1G1y87x4bw2fc9VeMSHQ/1OClZOKoq1qXeXGRSI6tpA
0,243,nfCDyUQpZHFkZAt2xm6xgQ/lHVuqX45mIKxIdqLst5V4g
0,17,kQ85hHCysOmfNPq7ceL_pA/qySckDnzRRF1QTRzx7w_Kw
0,103,Zz1PBJ8Ns9GISI9EdHeWig/Zz1PBJ8Ns9GISI9EdHeWig
0,52,ON-SytZUvlV7Pidg5PvBUw/q2OnY2LDlyrIPVy4gw_bUQ
0,8,unC5dCJm1AqAK0BGRXmboQ/unC5dCJm1AqAK0BGRXmboQ
0,0,fvD1QOHtdFLY8ixsGgTZWw/fvD1QOHtdFLY8ixsGgTZWw
0,0,RIQGzqsxBu-PrIAniUoC_w/l4XiV8_9-NVQFgG4tiULXg
0,0,AQusnYvMfTxQH-hgcJqEvg/0b76A8ecoLhOzEiN6pa8aA
0,10,JLXrfeDK50nBC1ShdLAW3A/kBcrWiKSFKQxpDUsZoZeiQ
0,0,kPmbC0J7LpKcd61wFEvq7g/uQj3R7COfdxA-31cJPwakA
0,3,31wsXCmnlXq8ywLGBvWTwA/4vQyWctj44ue2NLSSvJF6Q
0,27,A7wjZtqlAtFt-68oSmQi-g/jgBZatjeIhP_j42EeNU2LA
0,233,kO5KhLW8Iu6trgSwO4KHWw/V-WcONwL95mBlAVmJH89Tg
0,155,3Hadsz8Cjk4qCzkDHLM3pw/-B_Hl8tW2s2aBtG-xdDtUw
0,0,bNjOwQmmnBjzOQWfYVCQaA/Mn8AA6gxB8tf2FKBcS2Qvg
0,0,ZfNZYn9e7-ZnNOp4wBSPXQ/zjRkLmyjGB92mIgE0zVvBA
0,8,YhfAf_Fp9qsusnMfhVCV8Q/xwfmag0o9ln2DcJqcqn-Ew
0,13,wE-umOLn28Cn_E6WMBtFSA/RggwV3-2FV1BK0oj2iJurw
0,0,1QJ6wiFoFtVFLBQHfNmIoA/AhoXsRsycKkAeZms6mTbaQ
0,0,JsrncYwyGAp6D44Z1tQKWQ/jQaMndBvrISYnEiqi58WhQ
0,0,46aruwlod-BR_9KbQ_4e7Q/TaS9eq50rCQDrWb0aJO4dg
0,0,kTaTA--nJMuW9KNEvOEM1w/HpVHcYEyENpWc_Udp-Q5TA
0,8,HXXGDX2cQX4ReGrZ02HJ4g/xwNh3cR52nMDFhaGA_MEkQ
0,114,dQVi2f4eNSQBT7_aRWofew/GnL-tplu2kVhILoiTCC6Sw
0,30,0oBKdInxkYWpVUI8_NuKuA/XQGlbuYeXD-4lBBh3lLlqQ
0,3,gnxRY0NjyPL4Q_8RkR0B7A/gnxRY0NjyPL4Q_8RkR0B7A
0,9,mPeYSRApbxwFVCejAl05dw/krXvqRogXQa3sGjW16VwGg
0,14,Cvb6nsfoDFJU3Aol-TlOLw/AQGu8bqAwCTMNBJgD3I1gg
0,33,UoagoyJZSBA_dYYvk0z4sw/4DI5sn40pffzvec5RZ3VNw
0,0,f8lhCkN4Sh5h8yr9fFvV6Q/rq-nWHFk9yD1hsD0aaJFKQ
0,0,iqf1nRXSrM-SHqcu_7xL4g/9bIhQfGJcp6ry2PH8eXRHQ
0,26,cFZ8fs5wIHye4P4NJ0V5ZQ/4mDqtqfEXROWMfcrVdhQaw
0,0,_8zFKzk9aps2brf-Pf-atQ/PBIxlP-bOlOImoZ6aY_xpQ
0,0,O-a0L39GJ_vvzjGK5ComKA/_DX9xw1fxp0mmIOoIselPg
0,0,olKfM-5ysNFm0IgZZT54Lw/olKfM-5ysNFm0IgZZT54Lw
0,11,02tUjEx6I2kkn7TMDi66Rg/qivacV2G7__B20Fq8zif4Q
0,2,_B6NFC7fT8ex3gYzpTZ1Fg/sl_6aK12H4V4zGFwDAFA7Q
0,46,tqd_P1vq12pJWpDWNwPh-Q/jpouVfgheEGPGC_MGj91gw
0,0,DEFwBDxx6l5vho7hEdAmzQ/DEFwBDxx6l5vho7hEdAmzQ
0,79,VsFPR3AXn3uelfYaDNDVwA/hqG5B9VL9wEDlL8xbhg-Zw
0,13,MSAb_3M0xKhglHZc7yHpAg/f_G7Tx-R1BuhSxZq0SU8uA
0,59,mXWYkEfoKBR6WmDw_MmFTQ/mXWYkEfoKBR6WmDw_MmFTQ
0,0,tAsrXa5DH3-AVyEWsLljUA/FSfoiHZ83OFdIAuHCznP0A
0,0,OSA4M5XJcS5_U6U2uanHyQ/-sKketrOBZr_ETKDoD9nYA
0,63,eNUWf_hMy7kf1iEc7bRWZw/uW-6e9XFDcfIgJTo0XNyAg
0,0,stF5pUvY9KLwgOczy346zQ/Ai2njVlBvJ47e3A5lAKp5w
0,56,oJPz324zNdlbiTBUSQLP0A/oJPz324zNdlbiTBUSQLP0A
0,139,WP3S7bi8apBjSTWpbp0zDQ/Bs6ZQvHarBOOvkwd7ysrPw
0,1,4KbeSxiEAoWPYozqGMay7w/pmUnuNZlOxrny92FRklc_Q
0,0,Y2yiq6mIESbJ5f2Wh_pnEg/J2cy3l_YU9N7DUIppxcvNA
0,0,fVMPjbU3-drRZ8aYke8VEQ/AasZ3nDqjPK5KrMSlMAMTw
0,0,wcSRYdoouv7QyJRBr2D7fA/mstEVJtBVjaXu0kBROxiWA
0,100,YweEEDEzwYNOQ1njlsjI-g/paysG2qI9ihelcNoNAUsHw
0,623,xpbsMoTb8JKql_7627fSSQ/lTNZ1C7LQHdThY2kORU4hg
0,0,2D1_PCGivmPvTij36SYFdw/gPiHfJ31iEMGiflN8Xh5Iw
0,0,pyTsRXoYUEByfDNkDviwcw/mstEVJtBVjaXu0kBROxiWA
0,0,JmQRRFvmzPwsmhI0ZAEv4w/-63p42o_NtPWdsG4CEUd1w
0,17,VOu-Y59y1OaDqC6rueOtgw/VOu-Y59y1OaDqC6rueOtgw
0,0,ylxc4LqQ06IAs3VZdXRnBQ/7WV56u3Q5ns-1Rx-5wcQRA
0,39,TxvRhsCXa6GWkDoNVqWUrg/od1sSxi3azo26m71FSxiDg
0,0,pk7SG-Nn6tGVG1OlB1oGZg/YJqH_ADvIN-m7rz2ji8ARw
0,8,BwRtKV6L7dD65WZkWowRIw/_btO7EykUZ8yo-UskX0IOw
0,122,0hCwaIFf2DzM5l5f6C-QXA/0hCwaIFf2DzM5l5f6C-QXA
0,2,G7pk8UZUorwGg96gYeJwJw/XuS4Y3sVrgtlgpIVc73DDg
0,0,IAVSUrrTJb5wwync7nZxlg/jPBKlzQTIwL5bajhE-gM5Q
0,28,1j1tH2aac5F55FxriYIe8A/DgHRFLWtiGKOrOtHKCQoSg
0,3,vksptFR3lPLM6kQ0DN1OTg/fQ7cGXFGKD43MTtARzeCRg
0,11,9vsoZ8szzW_ozM5dc6Kabg/OX1ihfR8Ao0yNbpJOnZFmg
0,25,yCLBtjhT7Sc7iWh6xQX5-g/SllpkJUhyDaDKfIyKAh2vg
0,302,RVb6ItUbmwDJ_As0euy7mg/TJ0xEOVFQqc4_SXUalRiIA
0,1,FvKET0Q2bUxIyj_f_28oTw/2ZZbMJRcXZ_5czQtDCE3aw
0,44,hHX_ZEZTGDeFthPNxPZU5g/30j-vUWTMs-6jaLIbC5HzQ
0,26,_w7GlzzA1SYdroP5QeSS_Q/_w7GlzzA1SYdroP5QeSS_Q
0,0,EytsX8kZPWrlgCeuMCq2ew/EytsX8kZPWrlgCeuMCq2ew
0,47,vR2yczfPCU4b0r37RIQczQ/t-w9eS7qS7c066VTjPJyTw
0,61,XXODJOIYnY6aHDl0009alQ/_A4sbaRuiUSm0uCMcDBcaQ
0,0,pkwx7Hx_S2pY5wi0eR6u0A/PvzpVcK-1nWUbPowz7jbjw
0,6,JsrncYwyGAp6D44Z1tQKWQ/6ZJ9dg71vcDkArRluUhWWA
0,0,2KxsHrflqnhUZ4DrYV2Y1Q/ji3P1-fiSxynbBGT9kWQKw
0,0,zyX4beeUJ7hOs5fnfuIiMQ/1qvVt5i4rzklX1K-5NiUMw
0,87,tu_WBtEY0PYgZuMUGf8EzA/hJyCnWWLqu_1EtdmsNs8zg
0,26,FgvCzMMFX8v4uFSExY2_7w/Bn1ck4fL3IAbsAUJm-sn2g
0,0,-JgZhim7aG8d_D0ayLE1Bg/-JgZhim7aG8d_D0ayLE1Bg
0,0,vD0uV5LW1Km9JHSUpFan4A/-tDOIhyCbu3iU8sJVsoHAA
0,15,BbYFPEGiEwr9b8OxWL2k5g/bWf3N3gXb--NLPxpfgPVng
0,1,TZKd4TC1k1jdJ86gGjz_EA/P71F62v-4m6KF84wtIGFTQ
0,0,v9OwWaJPGpos5RIOW_r5lQ/Bs8LKryVJDNkbj2vVRD3Tg
0,36,rzRfNp8yc7EXP9FuaY6eaA/Cw8TfxesEJRHFgILAY-BJg
0,0,q4jEeh6w18Q1_IKiUR7Ohw/xcVRIBcK4AndBU58dLcqUQ
0,0,jsamuNGdKxtIhw4iyR2RRA/25b_JnBqGj1ZXstnJmwtlA
0,179,yCLBtjhT7Sc7iWh6xQX5-g/Ncz4-NZvn-OgyYa8rzkHqw
0,0,LNeU72y9UoVLWsxBPVJHyg/NL2rXlYqo_mWesU5Tz-Etw
0,46,uq0sSOZvvBTGEzfQsleCIQ/uq0sSOZvvBTGEzfQsleCIQ
0,0,_5HFWhSf0XLe18FxeeW-Bg/tcKI_4HpMX4sO2fBMYsfaw
0,28,OlgPFCIDZ38fC8MImPY_Uw/QFL-68uhGoJfMtENrHYW5w
0,0,vwC82q00J9rH7lBLzZEM-Q/x63xBXtNbC2tgDL-UM9_pg
0,5,M1iJ5p4Dzv0EG6vvGwKguA/M1iJ5p4Dzv0EG6vvGwKguA
0,22,8TbtLuWPx5D6O2DaPSvoiQ/y5WQkfUti5GvO_3XjOgwVw
0,2,RDp8ZVVVlNQX3EJXfKgv7A/LehTtUnL2dgPRmqBqMXeMw
0,15,JsrncYwyGAp6D44Z1tQKWQ/bwMXGy3IMOiooTNyEkF8dA
0,0,rRsH86VZwVKbo1cz4__Kgw/gaAPWM3ywf5gCgozl7IzzQ
0,32,24UrcYJbci1-DctjHXdBTQ/24UrcYJbci1-DctjHXdBTQ
0,90,yCLBtjhT7Sc7iWh6xQX5-g/2gRsMZYVmlSEt0yUes1OkA
0,121,sve0DSHA4vOE5itz3iCx6g/ltwGA-coZirKijZA9rQT0A
0,100,itanERDJdpKOnL-g-oFvbQ/hQySjAC78el1giE4s9VBmQ
0,0,UJbZBU5CQ1b0SqUYrDNJqw/UJbZBU5CQ1b0SqUYrDNJqw
0,0,4e6rEXbqYQIPaeH2G6CUfA/9yAjA4XllSyDJBJhatuayg
0,0,FAhkB4rsocfDW0vrM8U8NA/Eim9I8H9Bsr6t-0K2WfdUQ
0,5,rQu9pc8RJfrb63DN4YizUg/uTzAkyxH2SkBLfZCQcy_cA
0,33,2-scMrZv13F95YPZmfieww/Iza4BmZXatDZ6Pu3ApsIAQ
0,0,bQaSjC_JRg26X4-YjFsu7g/zwmf2si_I4sDKtIBZTFwgw
0,0,BzfsoiFrZqE4ZAw2rb6AfQ/xsXrJBoVKd7JFWTPRd1Lmw
0,43,pREQLt5TJLtLY3MQljqUFA/pREQLt5TJLtLY3MQljqUFA
0,50,VhDGeeBVSBbSvIaD5uPovQ/7PGvi74qMCDZb-fqlxoDrQ
0,35,A2uZLSWrzcaVS78XNTcktA/A2uZLSWrzcaVS78XNTcktA
0,11,FAhkB4rsocfDW0vrM8U8NA/IP75464N6XShMWowgjK97g
0,0,hu2oA1lc2joUHgFY7qQvlg/EdmXkCHbOayNLaLnPnK-1g
0,0,4W3a9Pkd9SSye_Ty5LGsCQ/Hky19YTQVaCZI4XBshVXhg
0,0,2-scMrZv13F95YPZmfieww/fhjDqvimGd0hL6J1S0W53Q
0,18,c5ABBT5hOYiHIC1BIejWRw/iEZieMf3jF0Pr6psgaUGgg
0,0,xWZqkqcsK_0L0BoCvzCEpA/MFdt38FE8nyC1o9Qx4CTIg
0,0,n1ykzhhGcFzfZjiLus94-Q/IuxVbMmqdeSGd2xMk1DsYg
0,21,PaSB0TP0XR11kL-my7Zlhw/5FI4eA5LvW3qBmvRrqUsJw
0,46,ZU24oUpfYzubqF7JLcUffA/Sv0SJTVnDSX3lpNw70O5vw
0,49,MLVgPUZFJs50jxm2X1AuGg/MLVgPUZFJs50jxm2X1AuGg
0,43,BbYFPEGiEwr9b8OxWL2k5g/az1DGEJxiFufsmDFmCHV6A
0,0,tNz3GLeSfHf3vKagwRX80w/X5KOucrb1B4BmJmrY-M-EA
0,8,1b2DPGgsu0w0MR25-20Rlw/RG_dkdKECY8q7PxW0EYbNA
0,5,5W8pijIAPpLKKrt1IQG-cA/quFafDCCog9YIKETyj_7vg
0,0,xA2fUy7pxXPmOVSxkGUqbw/Ftw51B5a-8KQTbVHKKDQoA
0,0,R2YNfIT9MjizIZSfm7fOrQ/7j9-d4x4KCX2yba_K-8L7w
0,49,yCLBtjhT7Sc7iWh6xQX5-g/t4vVXS44MZG0mV7hArj4wA
0,0,rvG-ui92LafKRiUzxpU5Pg/mhvVv5NdY_Sixmd_0FQybw
0,0,h3Kn9mjJ6tHxsVu3Rj1xRA/LejSk8-QB6QwOBRO06kCwA
0,87,SnaexRrjR3uqjAdCjdKsyw/zSl_5SRo-31gJ2b1yZ7mdQ
0,26,tMnOnL-2BEFr2fEuEImthQ/n5zmMGtCdWXxUD8FVtYD-w
0,25,Or9cbm31eLUr6HGvIFQBgQ/LzgQ8te3jsAtyRc7BEsN_w
0,15,FFwBBaG8R3voIbyLsBL3hw/FFwBBaG8R3voIbyLsBL3hw
0,7,wzFDFSAWYWKj15a0M9hwVA/vaGQRKUYaNG_9QDZzlCC2A
0,11,r2map9pLLFE8J7TnDNuE_Q/4C1o--sDCDLJd7pfRoLF8A
0,0,c4b4e12eEw-H_xJJ0G_deA/aTgKRImJD4pT4O3cNs0TeQ
0,11,oS5V0jIep1ZoATFCV-ap_Q/nNnUNZX5ruEM84qnXLUThQ
0,50,4H2jfArsR3JmtfMoxES96g/vmCUJs2PU0QP1mVSJmoxgA
0,26,MvoH47fLfie7aVkrC490iw/PS5r3tBGyi4_kG8EI1snmw
0,0,9CkNBp6RnN5oR4zknulpUg/kjY-7mNXOgD2U1tnNQoGAg
0,127,aTjaKock8xP3knSxrgnuwg/aTjaKock8xP3knSxrgnuwg
0,14,jIz1U8w9Msoa8p52aWVFpg/jIz1U8w9Msoa8p52aWVFpg
0,0,htGS06FpHdCTfF2YR-UTWA/nfjc9FEgmMJZ-i7kE5BjqA
0,0,9CkNBp6RnN5oR4zknulpUg/mkF_x8cru4oEJItf4Gt6iA
0,20,WRqjHGk5-Tx9dcQRrkEj5A/mE7du8AT4ly7Y3m_aKoFwQ
0,43,Hkt6v0ylg2gC3rarQxAMNQ/dodHkHuQw5q28W_LMyCJeg
0,0,Q5Ohpbl2v92ZsyHSGH--Pg/PXp3ZujN6xwbripHoTgf-Q
0,0,jpGfRIERnvfpt-kFoIyDwA/jpGfRIERnvfpt-kFoIyDwA
0,0,tu_WBtEY0PYgZuMUGf8EzA/WO2U3D-Qz5H6AcB-wUzD-Q
0,0,fVMPjbU3-drRZ8aYke8VEQ/1d3eyH1vwgO-xdVBTvicNQ
0,61,Fomp1Ly-4msqjB28xKa-lA/WqnbxwM2W3wYEKWuzh0APg
0,0,uZiblkrIjoVSWMZId9OhDQ/pb3JgKvx-_8P81nb_coTiQ
0,0,0ekLSLWb-Ff2m6o_6AdjIA/IwPQ0A-jRPI8gZJlS4K23w
0,133,_Gw2F2KFaTZbvXRjuR26pw/AMeJP_TA_WGl_hXTW-YZqw
0,0,uNhqX4CBgzXixhAc_4D04A/piCtAX6ovZvMa-RP4RENwQ
0,12,jsamuNGdKxtIhw4iyR2RRA/zNEGY0PJWHe3W3nUfDa-vg
0,10,a3tlXdIvqj8QZ3xRJJOooA/uFmShLl7GmCgr4ggZUmcfw
0,0,P3HfkIo76WvcBSqAmB2lpQ/_Xo4uViLiDMtaehmYZpShg
0,65,vygTLfuIFcqhNCLQFyOuxA/pjInoTf3nXHGgUNO-wXF0w
0,49,pQP8nbYmsN3dmytfsBmgLA/28LAidJLwT9C8Iojr43QBQ
0,7,xFFF6oASccw0LZ10iN9kbg/b--Bkn25tKaA7ToiV_nXbQ
0,6,ASYGR96YA91p3z7MNKjZCA/IkKpfqlvam1MfWfE_xlP0A
0,61,gXEmsxyjFiPyVOMEIHHnlg/hKRT82D-zyjidndpYo0UQA
0,0,J0HpaPeoif83TonDrA4f1A/Zxo09neyKVwg77txaHllrQ
0,109,rOTXfF0nAuKd4WJPQ_WoGg/3tQywmYyLapt_UxfcTyqNA
0,0,4K_B-gkuZUNqQd5z-7Vk9A/1Sxu0jYws402RJym47xVGg
0,47,wwREW_OhKhVP1v6023R1rg/wNe8Ue5BbKmGKmNSQiwt-g
0,0,IWJn58GvfSTnnY_-ym0XsA/Z9WUt_XbtZJhuJ5BagrAnw
0,0,Df7rE0gjFhByXrBcY-b-wQ/dY0x81HOEb8nxSL1FstMIA
0,22,_1bqaxzCk0sfQaunsjeViQ/_1bqaxzCk0sfQaunsjeViQ
0,0,bc2bYdmyZjhDjq8WxW2_4Q/j-9lAcS1EUqHAQW67TG8Ww
0,33,0PH7RWmA83g16OD0Q7K25A/JmriFmFVHuUq_C1kKtyCog
0,0,lx8y10QBRVXBrzjki-igdg/xv6YsTjFC7JNyAYZE3UVVg
0,0,7yTKWKI3VS2dAwOLN6GZEA/7yTKWKI3VS2dAwOLN6GZEA
0,0,PL2PIaIOPDlAo5qhMC448w/fm7Db2N1DB8reM7VSagjDg
0,0,CkF8PXrCQVK-sP5aJGkkjw/P0ybdovKJ4SgaYwxwMXBVA
0,0,nOqn4K0PtNoOWCh8vjdmhg/nOqn4K0PtNoOWCh8vjdmhg
0,0,ylxc4LqQ06IAs3VZdXRnBQ/MaH9FAvkvvLRHhIeyaGKWA
0,0,bSid3qaCRM5Fp8QVCzocSg/HkET8JEt6m9F811kvIxamQ
0,0,b68rM4PgQN67aH4h25LJhw/xMpCOKC5I4INzFCab3WEmw
0,0,mZyi3B14uDERt4bp9yc_Kw/5GHlN99CM7mwFFAwhQ7fKQ
0,18,KL-7jBK2HkRKoXH0nP1G8g/TRo4Fe5WxwXnvtjaFB4ovA
0,173,DpxDLy2UCqpCSXCub6-T1w/ncOinZRVsZFtcdRAyqH7ew
0,0,L8-VFS5Yblih1Oo2NdiP2A/U1XAtGTr8Jqa_nRA3pAALA
0,6,_EbiapB4cHRHWLdhZhUPYg/rPQBFWnAEvHwDQXgqVSi5g
0,0,stF5pUvY9KLwgOczy346zQ/J5LvvRC5ud9W5_6XKV9pGA
0,0,LDm8GbdhrDbcBGJF0dR_5g/rFVS_Wo8CK0iOH775C0TfQ
0,1223,DAjBaBGxX7Ls5vGDCxMGJg/L-EisaQrSgpDaAExuLg23g
0,15,xAXT5zg4lBgj7oczyzH8hA/gsaKgni67WC6y9aimIWaTg
0,0,RIQGzqsxBu-PrIAniUoC_w/YLSk_AK8oLfnveV3ia0vcQ
0,30,lcco9cJ9pfwALTvN0l4dlw/QMUWlJm6Ckl-ItkL-tQsTQ
0,0,VrSMXt5AQcI_fu1m1_-HwA/is83ThSW10rVRAAmOikpMw
0,2,Rk3PQ_3kN1OK0t4ZVts0DA/mz3LO2GB6AQxVzI1GOp7Xw
0,1,dKRuRenhhB2v4-phjoH90Q/bSSf1recf8OPNq4wc9zwLA
0,4,AhuiB7vR34gQY76S31ybsg/n-_gxN4M_1IibU-1Roilbg
0,0,t26Yr5qqaAl5v1plstWhBQ/GsqFe1XOEYPLlks0O0_esw
0,23,ihdswSzPzUaxjBFXLcLJ-Q/ihdswSzPzUaxjBFXLcLJ-Q
0,0,_1jZul-5PcAhzSvJCJyc_w/_1jZul-5PcAhzSvJCJyc_w
0,0,5nnnKprx7rbkW9R-LXJ-4g/-xtuI6N2fSox73iZ5t0_Hg
0,0,RNXopDSM-5XgwtMIJaL41Q/qpP3fg-j8AvOScuT4fAy1Q
0,0,JIz5-UfF-kVJhLN1atIHcQ/Pixv80yiwGK-OXngBnthDQ
0,9,ZMpdoI5AE2nKZQI5fxrR1g/NT_En9GOU6D5QQcF95k1ZQ
0,0,rAkuL5Ujf8wvgqsX1Rv6Vw/ACtwI2h4NGd5Y3QnAa73QQ
0,0,7XxmVkmhbEoCp0Vp8JeB_Q/e18X8CuPamqJtSm295HzzA
0,0,0YKz8YuE90WqGqJ19iNYrw/2ziLGxirvcYg3jNifA7wVA
0,0,JsrncYwyGAp6D44Z1tQKWQ/MXR8uPzxHlpTYws5v4KuZQ
0,0,HhPzVde3je0B89S4XEkX1g/9o2oZUhpuz493nCufVMBZA
0,0,JmQRRFvmzPwsmhI0ZAEv4w/WbUUF0v_5K5AKz1jqtef4A
0,16,I-7rQ0e90mv8a37po7dV3Q/5hrKy6eUmSswPDL_Qrft2Q
0,0,NHl2sDXYH467sLUb_wStLQ/pefl4YnI6FhdzmAdEG3NLQ
0,0,XqlqPb2Rvugt0F4s66ZqJg/5VMYBAqFTr3I0FCNJSK-5Q
0,0,bAYZVMLcNpkRQJYo1-UbmA/rqhOWqO3D_z8A6lnIY6J0g
0,0,MvoH47fLfie7aVkrC490iw/RghnQ3IiPoK6c2tbUocbPw
0,120,c3utqhdjakzv7kDf7tbfMQ/c3utqhdjakzv7kDf7tbfMQ
0,0,QnDFO_ooPYffqP88OxhzyA/e19Xo1nVZpfnAxucmJSOXA
0,0,CS04-Y1_u3cDc5MkmikHiQ/bfeO6-xmLReWRvz4hiKqeQ
0,0,RIQGzqsxBu-PrIAniUoC_w/J1zD2rEwRQDKddQ0YeDqJw
0,0,3OB-fkBv58ZfdaU95RgZmg/aIZGPfLVwR8uYpuDAcLfzw
0,0,SSG_L9XG0GgerFiQesh3wA/2Fwf_44wckHEETT4etWBEA
0,0,i-JVKfrEg8H2mJnqqXlYUg/7DcHhODwfsK0D-Q1TC1DLw
0,51,J9A7bw_AoVRkZp15UFKcrg/L8nlEXSnjdW_xX6ONoWQsw
0,0,51jr9GASxEPJVHleWQS2Ew/DptyZlCIoFfuShIBwvLL3g
0,0,iNGwbQYKD8ZpK_CNBQaDcA/YSXSbm1NDZsaKbKYcA2P4Q
0,26,Cl6jrB466WTG3w8HoDRBww/s9l3Rtu0XpLcCD2yBeH9FA
0,59,_RkMI0lrsVzFp7M7Hj46iA/Q37Gx_bTDuT4ouV9DSGgtg
0,20,a2FtXMDin-2UCEHoVMeFkQ/a2FtXMDin-2UCEHoVMeFkQ
0,1,BVXJzOw_0t6t04ZvdkvtSA/yY6oNX3E3OLsHeJr-udpcw
0,28,1MR1e3pGYxg-wN5ytg818g/lUbTrx0LmzDXkyzavYEHOA
0,29,E1Ra3udChq8DtEQ9cHJnYw/8W5OVOLLHSxHxx3x5lLcVA
0,21,rQy3L20tfFITjIUN13p6mg/ALesWMzEQkEyNQU-drpwcw
0,0,Zsv1r1wUH4ikh6_GQ38xUQ/47rdCV_ATeF_tAHtdKCb-A
0,0,VN6VSKInRFUTipkc4Chnog/EyXbPStoUK8l4FPiRIGXMA
0,0,XT5iXnw7ZR_bW8SZepj3xA/u9vkRCiFUCBMlo_nACqXqQ
0,21,KONq4qb1uVjsVQNXKYoiIA/KONq4qb1uVjsVQNXKYoiIA
0,0,1gCvT1vLV-TFTzf5iiihzw/qgDPf-D6_8LeRWdAEJEznw
0,0,5lFRHPd_k9hlZU82OJ3FyQ/2xb4b8NKrVVhCatC2Gw9jg
0,0,RIQGzqsxBu-PrIAniUoC_w/HrbC86nvmhtH-1JQSvjF0Q
0,0,79Io9DjpAHZ0T74Fzs_voA/ibtpAHNlSOvWRV0KsHql_g
0,0,myjg7un-XyZMzbYwxZfTOw/57tztmzxEXCtCD_urXbTdg
0,0,91kLWvK47o5X5Et5oOrhZQ/EkF4sGGOJjxHt5yjszCbTQ
0,0,atB1wy9gUR0752Lg4YXuXA/u-kwH4o3zIAeZ0A52vcVew
0,0,L8Aex2XsDLPcxVkSbeILMA/GpmfT1DSkwHvkpEP3RAFFQ
0,12,dM-L-8vAY-HepLtUo0NN8w/dM-L-8vAY-HepLtUo0NN8w
0,6,1fddEGBjByY_G4DarInf6Q/e1r4Z_1zByGsM4kXdefReQ
0,80,ffgqPLihLl_BG7Ze3q_g9w/iTrOUGDbB8SHRyt8jlJRVg
0,11,p-IJEygKjX0lEAvLf8N-WA/8OvXutI5Gb49p0RDJWjw7Q
0,0,RIQGzqsxBu-PrIAniUoC_w/izSm90lltjOfB661Lnm-JQ
0,0,0YuGJKD19yHae4I2X8Vi3Q/9vTpsyuhi7OjJgtJA53-kg
0,0,n2_u9hzxE9MoUKBCKTkARw/4V4hb8HGOfeHsSMezfob-A
0,0,uxDo_w359Xvi_my-jSGHkA/IrvaOkCqaRwjx8ON5xdMVw
0,14,2-scMrZv13F95YPZmfieww/IWME60IVjFfU7HYqMJx99g
0,34,0YuGJKD19yHae4I2X8Vi3Q/urckuPDVZZ5nmdSzrlFHuA
0,289,nJqPoO_U4yQtodpdEAUDOw/QIKue4HOK_f7REMuhfIijQ
0,0,FAhkB4rsocfDW0vrM8U8NA/GK7473rhCYxI1fRsDhXFQw
0,0,RIQGzqsxBu-PrIAniUoC_w/LY9p3U-b6xi4a-7D-W9nWg
0,0,FbmPcMwBYf6aHSuC8C_vnA/1ArCPmikK4xzQDWNILU3WA
0,0,MHfHZlCMbUovYS-yZj8Q9Q/SSlsBitHW_qtb4mbbm8CWQ
0,14,limNySE4Te6VArK2GjNskw/EPuz8FRpIZ8EQm68Thf7TA
0,5,_MBt32zyzeoPBK5Qpr2-gw/_MBt32zyzeoPBK5Qpr2-gw
0,0,ikWOU2iX00dN1_CY9XoheQ/5Inf5ay9zUWGq9elHMlGRA
0,87,tu_WBtEY0PYgZuMUGf8EzA/Ajh3XHvZbi6rmAOK_gxCeQ
0,244,SS_nl8-4qXXR5fueaJi_6w/g73D9EXQQwZNwUo-bxxAJg
0,2,mhZqCubeS2dETOrZ4O85Ag/mhZqCubeS2dETOrZ4O85Ag
0,0,LndydYuVwrQN8SyGkIqKIg/FmdjEQTo9HNYPjnqoYXWRg
0,0,xWZqkqcsK_0L0BoCvzCEpA/AnhCuIsc8Vqu_CSvg2Pk8g
0,0,EKG7OS4hNeduTGvIi20bPQ/zJiWBrWG8zkY_gVS3sNnyA
0,10,HL9hbrjWexAVp9nadJHNnQ/HL9hbrjWexAVp9nadJHNnQ
0,219,UPP6woKnix5eg9Bdc1un0w/jdmcY8TWLxknhDIt9vucfg
0,25,LrxwluK0CwaoyM6xTNnVjQ/vGH2SBA36r1UlPKTPFm03A
0,0,IxvQkSmKjtYnD5KPNnazgQ/1G8Nn1NKjUPMHUtSMM2LGQ
0,114,q_BIUs83vVDiUTS1rUMYZQ/XrCOgcW6kkQvoFPW_F3SbA
0,6,fXw5RvENaz6by5XAZzoajA/-mj2KNmTXbzc_-dL8lHZkg
0,47,JsrncYwyGAp6D44Z1tQKWQ/HpVHcYEyENpWc_Udp-Q5TA
0,0,80fXTbKLoZajg2tlgGGm0w/_1jlkkcVcoSdAL49HBmrLA
0,0,9r_OIxBvFFszfcCY-c9g1w/9r_OIxBvFFszfcCY-c9g1w
0,0,pu3fDlHdZ4wPOhwtDCuOhA/UBzK0n1-oHBBNpq-EyJCxw
0,0,TGZmZZPqz0heeMPObwnTCA/xgVmFYI3UWuwb5Vp4z0RRQ
0,4,yG0dooRf_EK30lRDrivQyA/qy9KVVWnMM6Fa-TZB0bqkA
0,10,OIFx0qJLoujoSnH1IUQB2g/2r81IabzRhvliH6YUSKZMg
0,19,jxNXJbXNJWlLCJjxywEFeA/e5mIiAYh-G2s7qoFuRSb9g
0,5,DVlVsVUVtG7pfUCExm4c9w/KwoajSexsWlvDXXNi0ap_Q
0,0,FAhkB4rsocfDW0vrM8U8NA/_tHEHSI2ubliAtG4jNtPug
0,52,ug9w64bxgxafh56_yq5TzQ/HuC28fTtNjFj2yveM0euAQ
0,15,aD2VhPvXTXaUYezM-MkRtw/_abvn2uoOCyHVGjNcNM-zw
0,40,Y8Znkpj1mxtcNqbKrqVNLQ/Bnovl0ddsVUrmGxU_AlPYA
0,0,M_IOF7I6jgAZyN-UFnb11w/e43-WsW1bLNre8y8VxdC9A
0,97,Oi11ZLrueRguvHtlCEqr0Q/EXO2EXos9KZ1b3Ya7a6dLA
0,3,-VBsDowjPrv6Gc92IQmkCw/-VBsDowjPrv6Gc92IQmkCw
0,0,tisPBUWgwSZDgBKky-wh0Q/784ImJj7sqOe9q1B0Xhr9Q
0,0,I6LKBindvCXLGoZNj_1CHw/O-dw5jK3Qbw-tsmHvoZykQ
0,0,dt59PWsdnf3Xgh9LreeFBg/Cslq2LijfYWdesZitvrFyg
0,0,H3k0EEIGPzCBLylCpI0Z7Q/Znno5DtasEWS5LfBvO-n9Q
0,7,Wu1x7H3b5V-8imbLL9zQtw/TjnGqMfJOuIsvYoE9IXInw
0,45,TKKJuPP7DAdn1KaAEU2BPg/TKKJuPP7DAdn1KaAEU2BPg
